<?xml version="1.0" encoding="UTF-8" standalone="yes"?>
<addon id="metadata.common.fanart.tv"
       name="fanart.tv Scraper Library"
       version="3.6.4"
       provider-name="Team Kodi">
  <requires>
    <import addon="xbmc.metadata" version="2.1.0"/>
  </requires>
  <extension point="xbmc.metadata.scraper.library"
             library="fanarttv.xml"/>
  <extension point="xbmc.addon.metadata">
    <platform>all</platform>
    <summary lang="bg">Библиотека за сваляне на инф. от fanart.tv</summary>
    <summary lang="en">fanart.tv Scraper Library</summary>
    <summary lang="de">Scraper für Hintergründe von fanart.tv</summary>
    <description lang="bg">Сваля декорации от www.fanart.tv.com</description>
    <description lang="en">Download backdrops from www.fanart.tv.com</description>
    <description lang="de">Downloade Hintergründe von www.fanart.tv.com</description>
	<assets>                                                   
		<icon>icon.png</icon>
    </assets>
   </extension>
</addon>
