<?xml version="1.0" encoding="UTF-8" standalone="yes"?>
<addon id="script.skinshortcuts" name="Skin Shortcuts" version="2.1.0" provider-name="BigNoid, marcelveldt, SiLVO">
	<requires>
		<import addon="xbmc.python" version="3.0.0"/>
		<import addon="script.module.unidecode" version="0.4.14"/>
		<import addon="script.module.simpleeval" version="0.9.10"/>
	</requires>
	<extension point="xbmc.python.library" library="default.py"/>
	<extension point="xbmc.addon.metadata">
		<description lang="de_DE">Add-on für Skins für einfache Bearbeitung und Auflistung von benutzerdefinierten Verknüpfungen (erfordert Skin-Unterstützung)</description>
		<description lang="el_GR">Πρόσθετο για κελύφη, το οποίο παρέχει έναν απλό τρόπο διαχείρισης και κατηγοριοποίησης των συντομεύσεων του χρήστη (πρέπει να υποστηρίζεται από το κέλυφος)</description>
		<description lang="en_GB">Add-on for skins to provide simple managing and listing of user shortcuts (requires skin support)</description>
		<platform>all</platform>
		<license>GPL-2.0-only</license>
		<forum>https://forum.kodi.tv/showthread.php?tid=178294</forum>
		<source>https://github.com/mikesilvo164/script.skinshortcuts</source>
		<assets>
			<icon>icon.png</icon>
			<fanart>fanart.jpg</fanart>
		</assets>
		<news>Kodi v19 Matrix + Python 3 compatibility</news>
	</extension>
</addon>
