{
    "presets": [
        {
            "name": "1 GB RAM",
            "url": "https://kodi-unlimited-support.de/wizard-omega/advancedsettings/1gb.xml",
			"icon": "https://raw.githubusercontent.com/demex2008/wizard/master/Ram.png",
            "fanart": "https://github.com/demex2008/XBOX-NEXUS-WIZARD/blob/master/plugin.program.xboxwizard2/fanart.png",
            "description": "Diese AdvancedSettings.xml kann auf Hardware mit [COLORdeepskyblue]1 GB RAM[/COLOR] verwendet werden."
        },
        {
            "name": "1 - 1,5 GB RAM",
            "url": "https://kodi-unlimited-support.de/wizard-omega/advancedsettings/1_15gb.xml",
			"icon": "https://raw.githubusercontent.com/demex2008/wizard/master/Ram.png",
            "fanart": "https://github.com/demex2008/XBOX-NEXUS-WIZARD/blob/master/plugin.program.xboxwizard2/fanart.png",
            "description": "Diese AdvancedSettings.xml kann auf Hardware mit [COLORdeepskyblue]1 - 1,5 GB RAM[/COLOR] verwendet werden."
        },
        {
            "name": "1,5 - 2 GB RAM",
            "url": "https://kodi-unlimited-support.de/wizard-omega/advancedsettings/15_2gb.xml",
			"icon": "https://raw.githubusercontent.com/demex2008/wizard/master/Ram.png",
            "fanart": "https://github.com/demex2008/XBOX-NEXUS-WIZARD/blob/master/plugin.program.xboxwizard2/fanart.png",
            "description": "Diese AdvancedSettings.xml kann auf Hardware mit [COLORdeepskyblue]1,5 - 2 GB RAM[/COLOR] verwendet werden."
        },
        {
            "name": "2 GB RAM",
            "url": "https://kodi-unlimited-support.de/wizard-omega/advancedsettings/2gb.xml",
			"icon": "https://raw.githubusercontent.com/demex2008/wizard/master/Ram.png",
            "fanart": "https://github.com/demex2008/XBOX-NEXUS-WIZARD/blob/master/plugin.program.xboxwizard2/fanart.png",
            "description": "Diese AdvancedSettings.xml kann auf Hardware mit [COLORdeepskyblue]2 GB RAM[/COLOR] verwendet werden."
        },
		{
            "name": "3 GB RAM",
            "url": "https://kodi-unlimited-support.de/wizard-omega/advancedsettings/3gb.xml",
			"icon": "https://raw.githubusercontent.com/demex2008/wizard/master/Ram.png",
            "fanart": "https://github.com/demex2008/XBOX-NEXUS-WIZARD/blob/master/plugin.program.xboxwizard2/fanart.png",
            "description": "Diese AdvancedSettings.xml kann auf Hardware mit [COLORdeepskyblue]3 GB RAM[/COLOR] verwendet werden."
        },
		{
            "name": "4 GB RAM",
            "url": "https://kodi-unlimited-support.de/wizard-omega/advancedsettings/4gb.xml",
			"icon": "https://raw.githubusercontent.com/demex2008/wizard/master/Ram.png",
            "fanart": "https://github.com/demex2008/XBOX-NEXUS-WIZARD/blob/master/plugin.program.xboxwizard2/fanart.png",
            "description": "Diese AdvancedSettings.xml kann auf Hardware mit [COLORdeepskyblue]4 GB RAM[/COLOR] verwendet werden."
        }
    ]
}