<?xml version="1.0" encoding="UTF-8" standalone="yes"?>
<addon id="script.xxxodus.artwork" version="5.00.000" name="XXXODUS Artwork" provider-name="Original Echo Coder // Maintained NOW by @Nemzzy668">
	<requires>
		<!-- <import addon="xbmc.python" version="2.24.0"/> -->
	</requires>
	<extension point="xbmc.python.module" library="lib" />
	<extension point="xbmc.addon.metadata">
		<summary>Artwork for XXXODUS</summary>
		<description>Artwork for XXXODUS is maintained separately to make distribution of the the addon itself easier/faster.</description>
		<platform>all</platform>
	    <assets>
          <icon>icon.png</icon>
        </assets>
    </extension>
</addon>
