<?xml version="1.0" encoding="UTF-8" standalone="yes"?>
<addon id="script.ezmaintenanceplus" name="[COLOR lime]XBOX[/COLOR] Maintenance [COLOR lime]+[/COLOR]" version="2024.05.30" provider-name="demex2008">
  <requires>
    <import addon="script.module.requests" version="1.0.0" />
  </requires>
  <extension point="xbmc.python.pluginsource" library="default.py">
     <provides>executable</provides>
  </extension>
  <extension point="xbmc.service" library="service.py" start="startup" />
  <extension point="xbmc.addon.metadata">
	<summary>A Streamlined Utility Tool for [COLOR lime]XBOX[/COLOR] Kodi</summary>
	<description>No Bloatware, no Nonsense! Just Keep your Kodi sharp and clean with this utility tool... Now with a Custom Wizard.</description>
    <language></language>
    <platform>all</platform>
    <license>The MIT License</license>
    <forum>-</forum>
    <source>https://github.com</source>
    <assets>
	    <icon>icon.png</icon>
	    <fanart>fanart.png</fanart>
    </assets>
    <news>
2023.01.09.0
 - Added AutoClean Cache functionality every x days at a given hour.
 - Backup always replaced the home folder reference in xml files with special://home
   Not all addons can handle this replace so it is now possible via a setting to disable this.
 - Backup Cancel didn't work. This is now fixed.
    </news>
  </extension>
</addon>
