<?xml version="1.0" encoding="UTF-8"?>
<addon id="script.module.simpleplugin3"
   name="SimplePlugin 3"
   version="3.0.6+matrix.1"
   provider-name="Roman V.M.; vl.maksime">
  <requires>
    <import addon="xbmc.python" version="3.0.0"/>
    <import addon="script.module.future" version="0.16.0.4"/>
  </requires>
  <extension point="xbmc.python.module" library="libs" />
  <extension point="xbmc.addon.metadata">
    <platform>all</platform>
    <summary lang="en_GB">SimplePlugin micro-framework</summary>
    <description lang="en_GB">SimplePlugin micro-framework that simplifies Kodi content plugin programming.</description>
    <license>GPL-3.0-only</license>
    <forum></forum>
    <website>http://vlmaksime.github.io/script.module.simpleplugin/</website>
    <email>vl.maksime@gmail.com</email>
    <source>https://github.com/vlmaksime/script.module.simpleplugin</source>
	<assets>
      <icon>icon.png</icon>
    </assets>
  </extension>
</addon>
