<?xml version="1.0" encoding="UTF-8"?>
<window>
	<defaultcontrol always="true">99</defaultcontrol>
    <coordinates>
        <left>485</left>
        <top>345</top>
    </coordinates>
    <controls>
        <control type="group">
            <control type="image">
                <width>950</width>
                <height>390</height>
                <texture>Background/black.png</texture>
				<bordertexture colordiffuse="deepskyblue">Background/white.png</bordertexture>
				<bordersize>2</bordersize>
            </control>
			<control type="label">
                <left>10</left>
                <top>10</top>
                <width>930</width>
                <height>100</height>
                <font>font13</font>
				<textcolor>deepskyblue</textcolor>
				<label>K.U.S [COLORwhite]Wizard Omega[/COLOR]</label>
                <align>center</align>
                <aligny>top</aligny>
            </control>
            <control type="textbox">
                <left>10</left>
                <top>120</top>
                <width>930</width>
                <height>300</height>
                <font>font12</font>
				<label>Besuche uns in unserer Facebookgruppe für mehr Infos &[CR]Support rund um Kodi.[CR][B][COLORdeepskyblue]https://www.facebook.com/groups/kodiunlimited[/COLOR][/B]</label>
                <align>center</align>
                <aligny>top</aligny>
            </control>
            <control type="button" id="99">
                <left>325</left>
                <top>300</top>
                <width>300</width>
                <height>60</height>
                <font>font13</font>
                <textcolor>FFF0F0F0</textcolor>
                <label>Schließen</label>
                <align>center</align>
                <aligny>center</aligny>
                <onclick>close</onclick>
                <texturefocus colordiffuse="deepskyblue">Background/white.png</texturefocus>
                <texturenofocus colordiffuse="grey">Background/white.png</texturenofocus>
            </control>
        </control>
    </controls>
</window>
