<?xml version="1.0" encoding="UTF-8"?>
<window>
    <defaultcontrol>201</defaultcontrol>
    <coordinates>
        <left>485</left>
        <top>345</top>
    </coordinates>
    <controls>
        <control type="group">
            <control type="image">
               <width>950</width>
                <height>390</height>
                <texture>Background/black.png</texture>
				<bordertexture colordiffuse="deepskyblue">Background/white.png</bordertexture>
				<bordersize>2</bordersize>
			</control>
			<control type="label">
                <left>10</left>
                <top>10</top>
                <width>930</width>
                <height>100</height>
                <font>font13</font>
				<textcolor>deepskyblue</textcolor>
				<label>K.U.S [COLORwhite]Wizard Omega[/COLOR]</label>
                <align>center</align>
                <aligny>top</aligny>
            </control>
            <control type="textbox">
                <left>10</left>
                <top>50</top>
                <width>930</width>
                <height>300</height>
                <font>font12</font>
				<label>Schön das du unseren Wizard benutzt![CR]Wähle [COLORlime][Build Menü][/COLOR] um ein Build von uns mit nur wenigen Klicks zu installieren oder [COLORred][Abbrechen][/COLOR] um das Fenster zu schließen.[CR]Du kannst auch später noch via Benutzer-Addons > Programm-Addons > KUS AllInOne Wizard manuell ein Build von uns installieren.[CR]Viel Spaß mit unseren Builds![CR][COLORdeepskyblue]Team K.U.S[/COLOR]</label>
                <align>center</align>
                <aligny>top</aligny>
            </control>
        </control>
        <control type="group">
            <control type="button" id="201">
                <left>20</left>
                <top>300</top>
                <width>300</width>
                <height>60</height>
                <font>font12</font>
                <textcolor>lime</textcolor>
                <label>Build Menü</label>
				<shadowcolor>black</shadowcolor>
                <align>center</align>
                <aligny>center</aligny>
                <texturefocus colordiffuse="deepskyblue">Background/white.png</texturefocus>
                <texturenofocus colordiffuse="grey">Background/white.png</texturenofocus>
                <onleft>202</onleft>
                <onright>202</onright>
            </control>
            <control type="button" id="202">
				<left>630</left>
                <top>300</top>
                <width>300</width>
                <height>60</height>
                <font>font12</font>
                <textcolor>red</textcolor>
				<shadowcolor>black</shadowcolor>
                <label>Abbrechen</label>
                <align>center</align>
                <aligny>center</aligny>
                <texturefocus colordiffuse="deepskyblue">Background/white.png</texturefocus>
                <texturenofocus colordiffuse="grey">Background/white.png</texturenofocus>
                <onleft>201</onleft>
                <onright>201</onright>
            </control>
        </control>
    </controls>
</window>
