<?xml version="1.0" encoding="UTF-8" standalone="yes"?>
<addon id="script.module.routing" name="Plugin routing" version="0.2.3+matrix.1" provider-name="takoi,Team Kodi">
    <requires>
        <import addon="xbmc.python" version="3.0.0"/>
    </requires>
    <extension point="xbmc.python.module" library="lib"/>
    <extension point="xbmc.addon.metadata">
        <summary lang="en_GB">Routing module for plugins</summary>
        <description lang="en_GB">Library for building and parsing plugin URLs.</description>
        <license>GPL-3.0</license>
        <platform>all</platform>
        <language>en_GB</language>
        <source>https://github.com/tamland/kodi-plugin-routing</source>
        <assets>
            <icon>icon.png</icon>
        </assets>
    </extension>
</addon>
