<?xml version="1.0" encoding="UTF-8" standalone="yes"?>
<addon id="resource.images.weathericons.coloured" name="Weather Icons - Coloured" version="0.0.6" provider-name="Team Kodi">
	<extension point="kodi.resource.images" compile="true" type="weather" />
	<requires>
		<import addon="kodi.resource" version="1.0.0"/>
	</requires>
	<extension point="xbmc.addon.metadata">
		<summary lang="en">Coloured Weather Icons</summary>
		<description lang="en">Coloured Weather Icons</description>
		<platform>all</platform>
	  <assets>                                                   
		<icon>icon.png</icon>
      </assets>
    </extension>
</addon>
