<?xml version="1.0" encoding="UTF-8" standalone="yes"?>
<addon id="plugin.video.xship" version="2024.07.15" name="[COLOR lime]Xship[/COLOR]" provider-name="Stranger">
    <requires>
        <import addon="script.module.requests"/>
        <import addon="script.module.resolveurl" version="5.1.111"/>
        <!-- for remote debug -->
        <import addon="script.module.pydevd" optional="true"/>
    </requires>
    <extension point="xbmc.python.pluginsource" library="default.py">
        <provides>video</provides>
    </extension>
    <!--<extension point="xbmc.service" library="service.py" start="startup" />-->
    <extension point="xbmc.addon.metadata">
        <summary lang="de">Xship</summary>
        <description lang="de">
Mit diesem Addon kannst du auf alle angebotenen Streams verschiedenster deutscher Quellen zugreifen. 
Beachte, dass Addon kein offizieller Teil des verwendeten Media Players ist, und daher nicht von den offiziellen Support-Kanälen abgedeckt wird. 
Es handelt sich lediglich um eine Drittanbieter-Erweiterung, die dem System hinzugefügt wurde.
        </description>
        <disclaimer lang="de">Die von diesem Addon dargestellten Inhalte werden von den Erstellern der Software weder gehostet oder verbreitet, noch stehen die Ersteller in irgendeiner Beziehung zu den Content-Anbietern.</disclaimer>
        <license>GNU GPLv3</license>
        <platform>all</platform>
        <assets>
            <icon>icon.png</icon>
            <fanart>fanart.jpg</fanart>
            <screenshot>fanart.jpg</screenshot>
        </assets>
        <news>
Xship 2024.07.15
- fix sites
- aniworld hinzugefügt
- xcine entfernt
- kinofox entfernt
- anicloud entfernt 
- movietown entfernt
- streamworld entfernt
- settings.xml
        </news> 
    </extension>
</addon>
