<?xml version="1.0" encoding="UTF-8" standalone="yes"?>
<addon id="plugin.video.filmpalast.ex" name="[COLOR lime]FilmPalast[/COLOR][COLOR yellow].ex[/COLOR]" version="2.0.7" provider-name="Stranger">
    <requires>
        <import addon="xbmc.python" version="3.0.0"/>
        <import addon="script.module.resolveurl" version="5.1.129"/>
		<import addon="script.module.web-pdb" version="1.6.2" optional="true"/>
    </requires>
    <extension point="xbmc.python.pluginsource" library="default.py">
        <provides>video</provides>
    </extension>
    <extension point="xbmc.addon.metadata">
        <platform>all</platform>
        <summary lang="de">FilmPalast.to FiLME &amp; SERiEN</summary>
        <summary lang="en">FilmPalast.to MOViS &amp; SERiES</summary>
        <description lang="en">FilmPalast[COLOR yellow].ex[/COLOR]</description>
		<assets>
			<icon>icon.png</icon>
		</assets>        
    </extension>
</addon>
