<?xml version="1.0" encoding="UTF-8" standalone="yes"?>
<addon id="script.module.html5lib" name="html5lib-python" version="1.1.0+matrix.1" provider-name="html5lib">
  <requires>
    <import addon="xbmc.python" version="3.0.0"/>
    <import addon="script.module.six" version="1.14.0+matrix.1" optional="false"/>
    <import addon="script.module.webencodings" version="0.5.1+matrix.1"/>
  </requires>
  <extension point="xbmc.python.module" library="lib" />
  <extension point="xbmc.addon.metadata">
    <summary lang="en_GB">Standards-compliant library for parsing and serializing HTML documents and fragments in Python.</summary>
    <description lang="en_GB">html5lib is a pure-python library for parsing HTML. It is designed to conform to the WHATWG HTML specification, as is implemented by all major web browsers.</description>
    <platform>all</platform>
    <license>MIT</license>
    <source>https://github.com/html5lib/html5lib-python.git</source>
    <website>https://github.com/html5lib/html5lib-python</website>
    <assets>
      <icon>icon.png</icon>
    </assets>
  </extension>
</addon>
