<?xml version="1.0" encoding="UTF-8" standalone="yes"?>
<addon id="script.module.pysocks" name="PySocks" version="1.7.0+matrix.1" provider-name="anorov">
  <requires>
    <import addon="xbmc.python" version="3.0.0"/>
  </requires>
  <extension point="xbmc.python.module" library="lib"/>
  <extension point="xbmc.addon.metadata">
    <summary lang="en_GB">A SOCKS proxy client and wrapper for Python</summary>
    <description lang="en_GB">PySocks lets you send traffic through SOCKS and HTTP proxy servers. It is a modern fork of SocksiPy with bug fixes and extra features.</description>
    <platform>all</platform>
    <language></language>
    <license>BSD</license>
    <forum></forum>
    <website>https://github.com/Anorov/PySocks</website>
    <source>https://github.com/Anorov/PySocks</source>
    <assets>
      <icon>icon.png</icon>
    </assets>
  </extension>
</addon>
