<?xml version="1.0" encoding="UTF-8" standalone="yes"?>
<addon id="metadata.themoviedb.org.python"
       name="The Movie Database Python"
       version="3.0.1"
       provider-name="Team Kodi">
  <requires>
    <import addon="xbmc.metadata" version="2.1.0"/>
    <import addon="xbmc.python" version="3.0.0"/>
  </requires>
  <extension point="xbmc.metadata.scraper.movies"
             library="python/scraper.py"/>
  <extension point="xbmc.addon.metadata">
    <reuselanguageinvoker>true</reuselanguageinvoker>
    <news>v3.0.1 (2024-04-22)
- fix scraper error when tags are disabled

v3.0.0 (2024-04-17)
- version 3 for Kodi 20 Nexus and above

v2.2.1 (2024-04-12)
- Update YouTube plugin URL for trailers

v2.2.0 (2024-01-10)
- Support IMDB/TMDB IDs in filename for Kodi 21 Omega (uniqueIDs directly from Kodi)</news>
    <platform>all</platform>
    <license>GPL-2.0-or-later</license>
    <forum>https://forum.kodi.tv/showthread.php?tid=344580</forum>
    <website>https://www.themoviedb.org</website>
    <source>https://github.com/xbmc/metadata.themoviedb.org.python</source>
    <assets>
      <icon>icon.png</icon>
    </assets>
    <summary lang="af_ZA">TMDB Fliek Skraper</summary>
    <summary lang="be_BY">Сродак для атрымання звестак пра фільмы на аснове TMDB</summary>
    <summary lang="bg_BG">Сваля инф. за филми от TMDB</summary>
    <summary lang="ca_ES">Raspador Python de pel·lícules de TMDB</summary>
    <summary lang="cs_CZ">Zdroj zisku dat k filmům TMDB</summary>
    <summary lang="cy_GB">Crafwr Ffilmiau TMDB</summary>
    <summary lang="da_DK">Python TMDB scraper til film</summary>
    <summary lang="de_DE">Python TMDB Film-Scraper</summary>
  </extension>
</addon>
