[{"0":{"name":"[COLOR red]\u2022  [\/COLOR][COLOR white]MovieMixComedy[\/COLOR]","image":"https:\/\/wagasworld.com\/sites\/default\/files\/styles\/large\/public\/2022-10\/comedy.png?itok=l6XD_fBZ","link":"https:\/\/wagasworld.com\/kodi.php?channel=MovieMixComedy","info":""},"1":{"name":"[COLOR red]\u2022  [\/COLOR][COLOR white]MovieMixFight[\/COLOR]","image":"https:\/\/wagasworld.com\/sites\/default\/files\/styles\/large\/public\/2021-09\/Movie%20Mix%20Fight.jpg?itok=m8fGhzc_","link":"https:\/\/wagasworld.com\/kodi.php?channel=MovieMixFight","info":""},"2":{"name":"[COLOR red]\u2022  [\/COLOR][COLOR white]MovieMixThriller.Drama[\/COLOR]","image":"https:\/\/wagasworld.com\/sites\/default\/files\/styles\/large\/public\/2022-10\/Thriller.Drama_.png?itok=UztqXCtq","link":"https:\/\/wagasworld.com\/kodi.php?channel=MovieMix.Thriller.Drama","info":""},"3":{"name":"[COLOR red]\u2022  [\/COLOR][COLOR white]MovieMix.She[\/COLOR]","image":"https:\/\/wagasworld.com\/sites\/default\/files\/styles\/large\/public\/2022-10\/MovieMix.She_.png?itok=2piS9Th7","link":"https:\/\/wagasworld.com\/kodi.php?channel=MovieMix.She","info":""},"4":{"name":"[COLOR red]\u2022  [\/COLOR][COLOR white]MovieMixAsia[\/COLOR]","image":"https:\/\/wagasworld.com\/sites\/default\/files\/styles\/large\/public\/2021-09\/MovieMixAsia.jpg?itok=VP4ef0hC","link":"https:\/\/wagasworld.com\/kodi.php?channel=MovieMixAsia","info":""},"5":{"name":"[COLOR red]\u2022  [\/COLOR][COLOR white]MovieMixCartoons[\/COLOR]","image":"https:\/\/wagasworld.com\/sites\/default\/files\/styles\/large\/public\/2021-09\/MovieMixCartoons.jpg?itok=tHg0BPyA","link":"https:\/\/wagasworld.com\/kodi.php?channel=MovieMixCartoons","info":""},"6":{"name":"[COLOR red]\u2022  [\/COLOR][COLOR white]MovieMixHorror[\/COLOR]","image":"https:\/\/wagasworld.com\/sites\/default\/files\/styles\/large\/public\/2021-09\/MovieMixHorror.jpg?itok=2sfy4tqr","link":"https:\/\/wagasworld.com\/kodi.php?channel=MovieMixHorror","info":""},"7":{"name":"[COLOR red]\u2022  [\/COLOR][COLOR white]Species[\/COLOR]","image":"https:\/\/wagasworld.com\/sites\/default\/files\/styles\/large\/public\/2021-09\/Species.jpg?itok=idVzne8U","link":"https:\/\/wagasworld.com\/kodi.php?channel=Species","info":""},"8":{"name":"[COLOR red]\u2022  [\/COLOR][COLOR white]Nightmare.on.Elm.Street[\/COLOR]","image":"https:\/\/wagasworld.com\/sites\/default\/files\/styles\/large\/public\/2021-09\/Nightmare.on_.Elm_.Street.jpg?itok=-c4wN9jJ","link":"https:\/\/wagasworld.com\/kodi.php?channel=Nightmare.on.Elm.Street","info":""},"9":{"name":"[COLOR red]\u2022  [\/COLOR][COLOR white]S.Stallone Movies[\/COLOR]","image":"https:\/\/wagasworld.com\/sites\/default\/files\/styles\/large\/public\/2021-09\/SlyStallone.jpg?itok=GLv0AR9Q","link":"https:\/\/wagasworld.com\/kodi.php?channel=SlyStallone","info":""},"10":{"name":"[COLOR red]\u2022  [\/COLOR][COLOR white]Arnold.Schwarzenegger.Movies[\/COLOR]","image":"https:\/\/wagasworld.com\/sites\/default\/files\/styles\/large\/public\/2021-09\/ArnoldSchw.jpg?itok=dVWlUqsq","link":"https:\/\/wagasworld.com\/kodi.php?channel=ArnoldSchw","info":""},"11":{"name":"[COLOR red]\u2022  [\/COLOR][COLOR white]Die.Olsenbande[\/COLOR]","image":"https:\/\/wagasworld.com\/sites\/default\/files\/styles\/large\/public\/2021-09\/Die.Olsenbande.jpg?itok=WZEZ7bsp","link":"https:\/\/wagasworld.com\/kodi.php?channel=Die.Olsenbande","info":""},"12":{"name":"[COLOR red]\u2022  [\/COLOR][COLOR white]Herbie[\/COLOR]","image":"https:\/\/wagasworld.com\/sites\/default\/files\/styles\/large\/public\/2021-09\/Herbie.jpg?itok=hCcJoDJi","link":"https:\/\/wagasworld.com\/kodi.php?channel=Herbie","info":""},"13":{"name":"[COLOR red]\u2022  [\/COLOR][COLOR white]Bad.Ass[\/COLOR]","image":"https:\/\/wagasworld.com\/sites\/default\/files\/styles\/large\/public\/2021-09\/Bad.Ass_.jpg?itok=Il6TDSXy","link":"https:\/\/wagasworld.com\/kodi.php?channel=Bad.Ass","info":""},"14":{"name":"[COLOR red]\u2022  [\/COLOR][COLOR white]Louis.de.Funes[\/COLOR]","image":"https:\/\/wagasworld.com\/sites\/default\/files\/styles\/large\/public\/2021-09\/Louis.de_.Funes_.jpg?itok=SRTmgK2m","link":"https:\/\/wagasworld.com\/kodi.php?channel=Louis.de.Funes","info":""},"15":{"name":"[COLOR red]\u2022  [\/COLOR][COLOR white]Don.Camillo[\/COLOR]","image":"https:\/\/wagasworld.com\/sites\/default\/files\/styles\/large\/public\/2021-09\/Don.Camillo.jpg?itok=SRXEJVjF","link":"https:\/\/wagasworld.com\/kodi.php?channel=Don.Camillo","info":""},"16":{"name":"[COLOR red]\u2022  [\/COLOR][COLOR white]Adriano.Celentano[\/COLOR]","image":"https:\/\/wagasworld.com\/sites\/default\/files\/styles\/large\/public\/2021-09\/Adriano.Celentano.jpg?itok=rrhD7H-0","link":"https:\/\/wagasworld.com\/kodi.php?channel=Adriano.Celentano","info":"alle filme die in \"DE\" bisher erschienen sind\r\n"},"17":{"name":"[COLOR red]\u2022  [\/COLOR][COLOR white]Twilight[\/COLOR]","image":"https:\/\/wagasworld.com\/sites\/default\/files\/styles\/large\/public\/2021-09\/Twilight.jpg?itok=8cAphRy_","link":"https:\/\/wagasworld.com\/kodi.php?channel=Twilight","info":""},"18":{"name":"[COLOR red]\u2022  [\/COLOR][COLOR white]Adam.Sandler[\/COLOR]","image":"https:\/\/wagasworld.com\/sites\/default\/files\/styles\/large\/public\/2021-09\/Adam.Sandler.jpg?itok=ZZfWI2Pb","link":"https:\/\/wagasworld.com\/kodi.php?channel=Adam.Sandler","info":""},"19":{"name":"[COLOR red]\u2022  [\/COLOR][COLOR white]Jerry.LewisFilme[\/COLOR]","image":"https:\/\/wagasworld.com\/sites\/default\/files\/styles\/large\/public\/2021-09\/Jerry.Lewis_.jpg?itok=BM2A0-cH","link":"https:\/\/wagasworld.com\/kodi.php?channel=Jerry.Lewis","info":""},"20":{"name":"[COLOR red]\u2022  [\/COLOR][COLOR white]didihallervorden[\/COLOR]","image":"https:\/\/wagasworld.com\/sites\/default\/files\/styles\/large\/public\/2021-09\/didihallervorden.jpg?itok=AwZx_eSm","link":"https:\/\/wagasworld.com\/kodi.php?channel=didihallervorden","info":""},"21":{"name":"[COLOR red]\u2022  [\/COLOR][COLOR white]ipman Filme[\/COLOR]","image":"https:\/\/wagasworld.com\/sites\/default\/files\/styles\/large\/public\/2021-09\/ipman.jpg?itok=QQB-2yTP","link":"https:\/\/wagasworld.com\/kodi.php?channel=ipman","info":""},"22":{"name":"[COLOR red]\u2022  [\/COLOR][COLOR white]BruceLee Filme[\/COLOR]","image":"https:\/\/wagasworld.com\/sites\/default\/files\/styles\/large\/public\/2021-09\/brucelee.jpg?itok=TxVpI1aM","link":"https:\/\/wagasworld.com\/kodi.php?channel=brucelee","info":""},"23":{"name":"[COLOR red]\u2022  [\/COLOR][COLOR white]Miss.Marple Filme[\/COLOR]","image":"https:\/\/wagasworld.com\/sites\/default\/files\/styles\/large\/public\/2021-09\/Miss.Marple.jpg?itok=oRPn28JS","link":"https:\/\/wagasworld.com\/kodi.php?channel=Miss.Marple","info":""},"24":{"name":"[COLOR red]\u2022  [\/COLOR][COLOR white]ChuckNorris[\/COLOR]","image":"https:\/\/wagasworld.com\/sites\/default\/files\/styles\/large\/public\/2021-09\/ChuckNorris.jpg?itok=Gdy3BtXF","link":"https:\/\/wagasworld.com\/kodi.php?channel=ChuckNorris","info":""},"25":{"name":"[COLOR red]\u2022  [\/COLOR][COLOR white]DerWeisseHai[\/COLOR]","image":"https:\/\/wagasworld.com\/sites\/default\/files\/styles\/large\/public\/2021-09\/derweissehai.jpg?itok=0fzmHQ4q","link":"https:\/\/wagasworld.com\/kodi.php?channel=derweissehai","info":""},"26":{"name":"[COLOR red]\u2022  [\/COLOR][COLOR white]MadMission[\/COLOR]","image":"https:\/\/wagasworld.com\/sites\/default\/files\/styles\/large\/public\/2021-09\/MadMission.jpg?itok=a0Di5_n6","link":"https:\/\/wagasworld.com\/kodi.php?channel=MadMission","info":""},"27":{"name":"[COLOR red]\u2022  [\/COLOR][COLOR white]American.Pie[\/COLOR]","image":"https:\/\/wagasworld.com\/sites\/default\/files\/styles\/large\/public\/2021-09\/American.Pie_.jpg?itok=O6cuKS85","link":"https:\/\/wagasworld.com\/kodi.php?channel=American.Pie","info":""},"28":{"name":"[COLOR red]\u2022  [\/COLOR][COLOR white]Bruce.Willis.Filme[\/COLOR]","image":"https:\/\/wagasworld.com\/sites\/default\/files\/styles\/large\/public\/2021-09\/brucewillis.jpg?itok=E7O2m8Pn","link":"https:\/\/wagasworld.com\/kodi.php?channel=brucewillis","info":""},"29":{"name":"[COLOR red]\u2022  [\/COLOR][COLOR white]Stirb.Langsam[\/COLOR]","image":"https:\/\/wagasworld.com\/sites\/default\/files\/styles\/large\/public\/2021-09\/Stirb.Langsam.jpg?itok=i_P25LH-","link":"https:\/\/wagasworld.com\/kodi.php?channel=Stirb.Langsam","info":""},"30":{"name":"[COLOR red]\u2022  [\/COLOR][COLOR white]Planet.der.Affen[\/COLOR]","image":"https:\/\/wagasworld.com\/sites\/default\/files\/styles\/large\/public\/2021-09\/Planet.der_.Affen_.jpg?itok=z2FgZRCl","link":"https:\/\/wagasworld.com\/kodi.php?channel=Planet.der.Affen","info":""},"31":{"name":"[COLOR red]\u2022  [\/COLOR][COLOR white]JasonBourne Movies[\/COLOR]","image":"https:\/\/wagasworld.com\/sites\/default\/files\/styles\/large\/public\/2021-09\/jasonbourne.jpg?itok=EJhEkKSW","link":"https:\/\/wagasworld.com\/kodi.php?channel=jasonbourne","info":""},"32":{"name":"[COLOR red]\u2022  [\/COLOR][COLOR white]JackieChan Filme[\/COLOR]","image":"https:\/\/wagasworld.com\/sites\/default\/files\/styles\/large\/public\/2021-09\/jackie.jpg?itok=xUADz4HY","link":"https:\/\/wagasworld.com\/kodi.php?channel=jackie","info":""},"33":{"name":"[COLOR red]\u2022  [\/COLOR][COLOR white]BollyWood[\/COLOR]","image":"https:\/\/wagasworld.com\/sites\/default\/files\/styles\/large\/public\/2021-09\/bollywood.jpg?itok=Lif2kt1n","link":"https:\/\/wagasworld.com\/kodi.php?channel=bollywood","info":""},"34":{"name":"[COLOR red]\u2022  [\/COLOR][COLOR white]JCVD Filme[\/COLOR]","image":"https:\/\/wagasworld.com\/sites\/default\/files\/styles\/large\/public\/2021-09\/jcvd.jpg?itok=XtiljznS","link":"https:\/\/wagasworld.com\/kodi.php?channel=jcvd","info":""},"35":{"name":"[COLOR red]\u2022  [\/COLOR][COLOR white]IndianaJones[\/COLOR]","image":"https:\/\/wagasworld.com\/sites\/default\/files\/styles\/large\/public\/2021-09\/indianajones.jpg?itok=GZ_U7OWF","link":"https:\/\/wagasworld.com\/kodi.php?channel=indianajones","info":""},"36":{"name":"[COLOR red]\u2022  [\/COLOR][COLOR white]Vintage-Scifi-Filme[\/COLOR]","image":"https:\/\/wagasworld.com\/sites\/default\/files\/styles\/large\/public\/2021-09\/Vintage-Scifi-Filme.jpg?itok=MGaN5BdO","link":"https:\/\/wagasworld.com\/kodi.php?channel=guldukat-vintagescifi","info":""},"37":{"name":"[COLOR red]\u2022  [\/COLOR][COLOR white]StarWars Filme[\/COLOR]","image":"https:\/\/wagasworld.com\/sites\/default\/files\/styles\/large\/public\/2021-09\/guldukat-starwars.jpg?itok=sH8UZC4K","link":"https:\/\/wagasworld.com\/kodi.php?channel=guldukat-starwars","info":""},"38":{"name":"[COLOR red]\u2022  [\/COLOR][COLOR white]RockyBalboa[\/COLOR]","image":"https:\/\/wagasworld.com\/sites\/default\/files\/styles\/large\/public\/2021-09\/guldukat-rocky.jpg?itok=IFzESrQr","link":"https:\/\/wagasworld.com\/kodi.php?channel=guldukat-rocky","info":""},"39":{"name":"[COLOR red]\u2022  [\/COLOR][COLOR white]Police Academy[\/COLOR]","image":"https:\/\/wagasworld.com\/sites\/default\/files\/styles\/large\/public\/2021-09\/5672016.jpg?itok=T33ESNnT","link":"https:\/\/wagasworld.com\/kodi.php?channel=guldukat-policeakademy","info":""},"40":{"name":"[COLOR red]\u2022  [\/COLOR][COLOR white]Marvel.vs.DC[\/COLOR]","image":"https:\/\/wagasworld.com\/sites\/default\/files\/styles\/large\/public\/2021-09\/guldukat-marvelvsdc.jpg?itok=qN9oh6FE","link":"https:\/\/wagasworld.com\/kodi.php?channel=guldukat-marvelvsdc","info":""},"41":{"name":"[COLOR red]\u2022  [\/COLOR][COLOR white]Die.Mumie Filme[\/COLOR]","image":"https:\/\/wagasworld.com\/sites\/default\/files\/styles\/large\/public\/2021-09\/guldukat-mumie.jpg?itok=X_V4EGSm","link":"https:\/\/wagasworld.com\/kodi.php?channel=guldukat-mumie","info":""},"42":{"name":"[COLOR red]\u2022  [\/COLOR][COLOR white]Buddy und Terence[\/COLOR]","image":"https:\/\/wagasworld.com\/sites\/default\/files\/styles\/large\/public\/2021-10\/guldukat-buddyterence.jpg?itok=gtQvh8PF","link":"https:\/\/wagasworld.com\/kodi.php?channel=guldukat-buddyterence","info":""},"43":{"name":"[COLOR red]\u2022  [\/COLOR][COLOR white]The Hobbit[\/COLOR]","image":"https:\/\/wagasworld.com\/sites\/default\/files\/styles\/large\/public\/2021-10\/guldukat-hobbit.jpg?itok=7oqZ1bg7","link":"https:\/\/wagasworld.com\/kodi.php?channel=guldukat-hobbit","info":""},"44":{"name":"[COLOR red]\u2022  [\/COLOR][COLOR white]Herr der Ringe[\/COLOR]","image":"https:\/\/wagasworld.com\/sites\/default\/files\/styles\/large\/public\/2021-10\/guldukat-hdr.jpg?itok=xwK-LtIz","link":"https:\/\/wagasworld.com\/kodi.php?channel=guldukat-hdr","info":""},"45":{"name":"[COLOR red]\u2022  [\/COLOR][COLOR white]GhostBusters[\/COLOR]","image":"https:\/\/wagasworld.com\/sites\/default\/files\/styles\/large\/public\/2021-10\/thumb-1920-205167.jpg?itok=Kf2ZhJQH","link":"https:\/\/wagasworld.com\/kodi.php?channel=guldukat-ghostbusters","info":""},"46":{"name":"[COLOR red]\u2022  [\/COLOR][COLOR white]Dick und Doof[\/COLOR]","image":"https:\/\/wagasworld.com\/sites\/default\/files\/styles\/large\/public\/2021-10\/guldukat-dickdoof.jpg?itok=A7SKWDQa","link":"https:\/\/wagasworld.com\/kodi.php?channel=guldukat-dickdoof","info":""},"47":{"name":"[COLOR red]\u2022  [\/COLOR][COLOR white]Fluch der Karibik[\/COLOR]","image":"https:\/\/wagasworld.com\/sites\/default\/files\/styles\/large\/public\/2021-10\/guldukat-carribean.jpg?itok=bsmBwEEd","link":"https:\/\/wagasworld.com\/kodi.php?channel=guldukat-carribean","info":""},"48":{"name":"[COLOR red]\u2022  [\/COLOR][COLOR white]JamesBond[\/COLOR]","image":"https:\/\/wagasworld.com\/sites\/default\/files\/styles\/large\/public\/2021-10\/guldukat-bondjames.jpg?itok=5MqMCLB6","link":"https:\/\/wagasworld.com\/kodi.php?channel=guldukat-bondjames","info":""},"49":{"name":"[COLOR red]\u2022  [\/COLOR][COLOR white]Fast.and.Furious[\/COLOR]","image":"https:\/\/wagasworld.com\/sites\/default\/files\/styles\/large\/public\/2021-10\/fastandfurious.jpg?itok=-V4cHIog","link":"https:\/\/wagasworld.com\/kodi.php?channel=fastandfurious","info":""},"50":{"name":"[COLOR red]\u2022  [\/COLOR][COLOR white]Relax[\/COLOR]","image":"https:\/\/wagasworld.com\/sites\/default\/files\/styles\/large\/public\/2021-10\/entspannung.jpg?itok=X3s51SbU","link":"https:\/\/wagasworld.com\/kodi.php?channel=entspannung","info":""},"51":{"name":"[COLOR red]\u2022  [\/COLOR][COLOR white]BeverlyHillsCop[\/COLOR]","image":"https:\/\/wagasworld.com\/sites\/default\/files\/styles\/large\/public\/2021-10\/beverlyhillscop.jpg?itok=NrGe5BmR","link":"https:\/\/wagasworld.com\/kodi.php?channel=beverlyhillscop","info":""},"52":{"name":"[COLOR red]\u2022  [\/COLOR][COLOR white]americanfighter[\/COLOR]","image":"https:\/\/wagasworld.com\/sites\/default\/files\/styles\/large\/public\/2021-10\/americanfighter.jpg?itok=Iy39L3Dn","link":"https:\/\/wagasworld.com\/kodi.php?channel=americanfighter","info":""},"53":{"name":"[COLOR red]\u2022  [\/COLOR][COLOR white]H\u00e4rtef\u00e4lle[\/COLOR]","image":"https:\/\/wagasworld.com\/sites\/default\/files\/styles\/large\/public\/2021-11\/Unbenannt-1.jpg?itok=eGfbUGYm","link":"https:\/\/wagasworld.com\/kodi.php?channel=Haertefaelle","info":""},"54":{"name":"[COLOR red]\u2022  [\/COLOR][COLOR white]Halloween[\/COLOR]","image":"https:\/\/wagasworld.com\/sites\/default\/files\/styles\/large\/public\/2021-11\/878940.jpg?itok=6MjotrT3","link":"https:\/\/wagasworld.com\/kodi.php?channel=Halloween","info":"Film 1 bis&nbsp; 8\r\n\r\n&nbsp;\r\n"},"55":{"name":"[COLOR red]\u2022  [\/COLOR][COLOR white]ParanormalActivity[\/COLOR]","image":"https:\/\/wagasworld.com\/sites\/default\/files\/styles\/large\/public\/2021-11\/thumb-1920-613762.jpg?itok=E11T6rx2","link":"https:\/\/wagasworld.com\/kodi.php?channel=ParanormalActivity","info":""},"56":{"name":"[COLOR red]\u2022  [\/COLOR][COLOR white]KarlMayFilme[\/COLOR]","image":"https:\/\/wagasworld.com\/sites\/default\/files\/styles\/large\/public\/2021-11\/Cover.jpg?itok=I_5lpFNW","link":"https:\/\/wagasworld.com\/kodi.php?channel=KarlMay","info":"l - Der Schatz im&nbsp;Silbersee (1962)\r\n2&nbsp;&nbsp; &nbsp;- Winnetou (1963)\r\n3&nbsp;&nbsp; &nbsp;- Unter Geiern (1964)\r\n4&nbsp;&nbsp; &nbsp;- Winnetou II (1964)\r\n5&nbsp;&nbsp; &nbsp;- Old Shatterhand (1964)&nbsp;\r\n6&nbsp;&nbsp; &nbsp;- Old Surehand (1965)\r\n7&nbsp;&nbsp; &nbsp;- Der \u00d6lprinz (1965)\r\n8&nbsp;&nbsp; &nbsp;- Winnetou III (1965)\r\n9&nbsp;&nbsp; &nbsp;- Winnetou und sein Freund Old Firehand (1966)\r\n10&nbsp;&nbsp; &nbsp;- Winnetou und das Halbblut Apanatschi (1966)&nbsp;\r\n11&nbsp;&nbsp; &nbsp;- Winnetou und Shatterhand in Tal der Toten (1968\u2019)\r\n12&nbsp;&nbsp; &nbsp;- Der Schatz der Azteken (1965)\r\n13&nbsp;&nbsp; &nbsp;- Die Pyramide des Sonnengottes (1965)\r\n14&nbsp;&nbsp; &nbsp;- Der Schut (1964)\r\n15&nbsp;&nbsp; &nbsp;- Durchs wilde Kurdistan (1965)\r\n16&nbsp;&nbsp; &nbsp;- Im&nbsp;Reiche des silbernen L\u00f6wen (1965)\r\n"},"57":{"name":"[COLOR red]\u2022  [\/COLOR][COLOR white]Star Trek Filme[\/COLOR]","image":"https:\/\/wagasworld.com\/sites\/default\/files\/styles\/large\/public\/2022-02\/e320fd5402e0425ca5ca3ac5fcabd524.jpg?itok=v0CK-SuT","link":"https:\/\/wagasworld.com\/kodi.php?channel=guldukat-trekkiemovies","info":""},"58":{"name":"[COLOR red]\u2022  [\/COLOR][COLOR white]MovieMix.Scifi.Fantasy[\/COLOR]","image":"https:\/\/wagasworld.com\/sites\/default\/files\/styles\/large\/public\/2022-10\/Scifi.Fantasy.png?itok=2gIIABEM","link":"https:\/\/wagasworld.com\/kodi.php?channel=MovieMix.Scifi.Fantasy","info":""},"59":{"name":"[COLOR red]\u2022  [\/COLOR][COLOR white]MovieMix.Action[\/COLOR]","image":"https:\/\/wagasworld.com\/sites\/default\/files\/styles\/large\/public\/2022-10\/MovieMix.Action.png?itok=HDhXCnVR","link":"https:\/\/wagasworld.com\/kodi.php?channel=MovieMix.Action","info":""},"60":{"name":"[COLOR red]\u2022  [\/COLOR][COLOR white]MovieMix.NEW[\/COLOR]","image":"https:\/\/wagasworld.com\/sites\/default\/files\/styles\/large\/public\/2022-10\/moviemixnew.png?itok=aQWm04Rp","link":"https:\/\/wagasworld.com\/kodi.php?channel=MovieMix.NEW","info":""},"61":{"name":"[COLOR red]\u2022  [\/COLOR][COLOR white]MovieMixWestern[\/COLOR]","image":"https:\/\/wagasworld.com\/sites\/default\/files\/styles\/large\/public\/2022-10\/Unbenannt-12333.png?itok=ri2UJ_fS","link":"https:\/\/wagasworld.com\/kodi.php?channel=MovieMixWestern","info":""},"62":{"name":"[COLOR red]\u2022  [\/COLOR][COLOR white]Weihnachten 1[\/COLOR]","image":"https:\/\/wagasworld.com\/sites\/default\/files\/styles\/large\/public\/2022-12\/kostenlose-weihnachtsbilder.jpg?itok=4T3gVdM0","link":"https:\/\/wagasworld.com\/kodi.php?channel=weihnachten1","info":""},"63":{"name":"[COLOR red]\u2022  [\/COLOR][COLOR white]Weihnachten 2[\/COLOR]","image":"https:\/\/wagasworld.com\/sites\/default\/files\/styles\/large\/public\/2022-12\/apovena-dez_winter.jpg?itok=mEVkQyGT","link":"https:\/\/wagasworld.com\/kodi.php?channel=weihnachten2","info":""},"64":{"name":"[COLOR red]\u2022  [\/COLOR][COLOR white]Mission.Impossible[\/COLOR]","image":"https:\/\/wagasworld.com\/sites\/default\/files\/styles\/large\/public\/2023-02\/TOM-CRUISE_MISSION-IMPOSSIBLE_Banner.jpg?itok=6aW5GFW5","link":"https:\/\/wagasworld.com\/kodi.php?channel=Mission.Impossible","info":""},"65":{"name":"[COLOR red]\u2022  [\/COLOR][COLOR white]MovieMixAnime[\/COLOR]","image":"https:\/\/wagasworld.com\/sites\/default\/files\/styles\/large\/public\/2023-03\/animemix.png?itok=-5FhiEzY","link":"https:\/\/wagasworld.com\/kodi.php?channel=MovieMixAnime","info":""},"66":{"name":"[COLOR red]\u2022  [\/COLOR][COLOR white]Rambo[\/COLOR]","image":"https:\/\/wagasworld.com\/sites\/default\/files\/styles\/large\/public\/2023-08\/sylvester-stallone-rembo-rambo-boevik.jpg?itok=omXBMn2Y","link":"https:\/\/wagasworld.com\/kodi.php?channel=ramboFilme",
"info":""},"category_name":"Movies","image":"https://www.dropbox.com/scl/fi/afd29o9ax34wbt5yiilln/Movies.png?rlkey=99r6v4jbz4w8sn582w0pm6t9f&st=qn0jf3yo&dl=1","info":"Filme rund um die Uhr, nicht alle sind 24\/7 online."},{"0":{"name":"[COLOR red]\u2022  [\/COLOR][COLOR white]Southpark[\/COLOR]","image":"https:\/\/wagasworld.com\/sites\/default\/files\/styles\/large\/public\/2021-09\/southpark.jpg?itok=CuVABLy9","link":"https:\/\/wagasworld.com\/kodi.php?channel=southpark","info":""},"1":{"name":"[COLOR red]\u2022  [\/COLOR][COLOR white]familyguy[\/COLOR]","image":"https:\/\/wagasworld.com\/sites\/default\/files\/styles\/large\/public\/2021-09\/familyguy.jpg?itok=xKWBPq1Y","link":"https:\/\/wagasworld.com\/kodi.php?channel=familyguy","info":""},"2":{"name":"[COLOR red]\u2022  [\/COLOR][COLOR white]americandad[\/COLOR]","image":"https:\/\/wagasworld.com\/sites\/default\/files\/styles\/large\/public\/2021-09\/americandad.jpg?itok=W4Ro9c4m","link":"https:\/\/wagasworld.com\/kodi.php?channel=americandad","info":""},"3":{"name":"[COLOR red]\u2022  [\/COLOR][COLOR white]futurama[\/COLOR]","image":"https:\/\/wagasworld.com\/sites\/default\/files\/styles\/large\/public\/2021-09\/futurama.jpg?itok=ffyh12YY","link":"https:\/\/wagasworld.com\/kodi.php?channel=futurama","info":""},"4":{"name":"[COLOR red]\u2022  [\/COLOR][COLOR white]simpsons[\/COLOR]","image":"https:\/\/wagasworld.com\/sites\/default\/files\/styles\/large\/public\/2021-09\/simpsons.jpg?itok=Nqy8ExZV","link":"https:\/\/wagasworld.com\/kodi.php?channel=simpsons","info":""},"5":{"name":"[COLOR red]\u2022  [\/COLOR][COLOR white]Tim.und.Struppi[\/COLOR]","image":"https:\/\/wagasworld.com\/sites\/default\/files\/styles\/large\/public\/2021-09\/Tim.und_.Struppi.jpg?itok=qjtcqS2t","link":"https:\/\/wagasworld.com\/kodi.php?channel=Tim.und.Struppi","info":""},"6":{"name":"[COLOR red]\u2022  [\/COLOR][COLOR white]NewSpiderman[\/COLOR]","image":"https:\/\/wagasworld.com\/sites\/default\/files\/styles\/large\/public\/2021-09\/newspiderman.jpg?itok=rqtLNg5f","link":"https:\/\/wagasworld.com\/kodi.php?channel=newspiderman","info":""},"7":{"name":"[COLOR red]\u2022  [\/COLOR][COLOR white]StarTrek-TheAnimatedSeries[\/COLOR]","image":"https:\/\/wagasworld.com\/sites\/default\/files\/styles\/large\/public\/2021-09\/guldukat-trekkieanimated.jpeg?itok=Wlt2BEPa","link":"https:\/\/wagasworld.com\/kodi.php?channel=guldukat-trekkieanimated","info":""},"8":{"name":"[COLOR red]\u2022  [\/COLOR][COLOR white]Guardian of the Galaxy[\/COLOR]","image":"https:\/\/wagasworld.com\/sites\/default\/files\/styles\/large\/public\/2021-10\/guldukat-guardianofthegalaxy.jpg?itok=l8y4O-Eh","link":"https:\/\/wagasworld.com\/kodi.php?channel=guldukat-guardianofthegalaxy","info":""},"9":{"name":"[COLOR red]\u2022  [\/COLOR][COLOR white]CaptainFuture[\/COLOR]","image":"https:\/\/wagasworld.com\/sites\/default\/files\/styles\/large\/public\/2021-10\/captainfuture.jpg?itok=oFFNAxGa","link":"https:\/\/wagasworld.com\/kodi.php?channel=captainfuture",
"info":""},"category_name":"Cartoons","image":"https://www.dropbox.com/scl/fi/65rbjtsxxuj6l4w8cq82i/Cartoons.png?rlkey=k2khao24xzlt1lzb4bj4zwf6p&st=xo5t9f8u&dl=1","info":"Cartoons rund um die Uhr, nicht alle sind 24\/7 online."},{"0":{"name":"[COLOR red]\u2022  [\/COLOR][COLOR white]Bibi.Blocksberg[\/COLOR]","image":"https:\/\/wagasworld.com\/sites\/default\/files\/styles\/large\/public\/2021-09\/Bibi.Blocksberg.jpg?itok=-J1PswCO","link":"https:\/\/wagasworld.com\/kodi.php?channel=Bibi.Blocksberg","info":"Bibi (eigentlich Brigitte) ist ein Hexenm\u00e4dchen, das oft mit blonden Haaren, die mit einer roten Schleife zu einem Pferdeschwanz zusammengebunden sind, einem Kleid in ihrer Lieblingsfarbe gr\u00fcn sowie mit wei\u00dfen Socken und ohne Schuhe dargestellt wird. Sie ist in den ersten zw\u00f6lf H\u00f6rspielfolgen zw\u00f6lf Jahre alt und wird seitdem als 13-j\u00e4hriges M\u00e4dchen beschrieben. Ihre anfangs noch sehr ungeschulten Hexenkr\u00e4fte benutzt Bibi nur allzu gerne, um anderen Streiche zu spielen. Nicht nur der B\u00fcrgermeister, sondern auch der Schuldirektor, ihr Klassenlehrer und viele weitere Neust\u00e4dter B\u00fcrger werden h\u00e4ufig in die aberwitzigen Hexereien verwickelt. Ihr liebstes Fortbewegungsmittel ist ihr Besen&nbsp;Kartoffelbrei, den sie mit Hexenspr\u00fcchen wie \u201eEene meene mei, flieg los Kartoffelbrei!\u201c, \u201eEene meene mei, Kartoffelbrei mein Flugzeug sei!\u201c oder \u201eEene meene schmieg, Kartoffelbrei, los, flieg!\u201c zum Fliegen bringt\r\n"},"1":{"name":"[COLOR red]\u2022  [\/COLOR][COLOR white]MovieMixKids[\/COLOR]","image":"https:\/\/wagasworld.com\/sites\/default\/files\/styles\/large\/public\/2021-09\/kids.jpg?itok=8SNlL4O6","link":"https:\/\/wagasworld.com\/kodi.php?channel=MovieMixKids","info":"\r\n\t&nbsp;\r\n\tAb.durch.die.Hecke\r\n\tAbominable_Everest_Ein_Yeti_will\r\n\tAngry.Birds.2\r\n\tAntz.-.1998\r\n\t2020 A.X.L.Mein.bester.Freund.2.0\r\n\tBayala_Das_magische_Elfenabenteuer_2019\r\n\tBigfoot.Junior.2.-.2020\r\n\tDas.Gespenst.von.Canterville.2016\r\n\tDas.Weihnachtshaus.German\r\n\tDC.League.of.Super-Pets\r\n\tDer.gestiefelte.Kater\r\n\tDer.karierte.Ninja.2\r\n\tDer.karierte.Ninja\r\n\tDer.kleine.Prinz.2015\r\n\tDer.tierisch.verr\u00fcckte.Bauernhof.-.2006\r\n\tDie.Croods.-.Alles.auf.Anfang.2021\r\n\tDie.Eisk\u00f6nigin.\u2013.V\u00f6llig.unverfroren.2013\r\n\tDie.H\u00e4schenschule.2.Der.gro\u00dfe.Eierklau.-.2022\r\n\tDie.Legende.der.W\u00e4chter\r\n\tDinosaurier\r\n\tDisneys.Grosse.Pause.-.Der.Weihnachtswunderfilm\r\n\tDora.und.die.goldene.Stadt\r\n\tEine.zauberhafte.Nanny.2005\r\n\tEine.zauberhafte.Nanny.2\r\n\tFerdinand.Geht.Stierisch.Ab.German\r\n\tGarfield.2\r\n\tHotel.Transsilvanien\r\n\tHugo.das.Dschungeltier.1\r\n\tHugo.das.Dschungeltier.2\r\n\tHugo.das.Dschungeltier.3\r\n\tIch.Einfach.unverbesserlich\r\n\tKleine.Giganten.German.1994.1\r\n\tKleine.Giganten.German.1994.2\r\n\tK\u00f6nige.der.Wellen.-.2007\r\n\tMadagascar.1\r\n\tMadagascar.2\r\n\tMadagascar.3\r\n\tMaleficent.1\r\n\tMaleficent.2\r\n\tMavka.\u2013.H\u00fcterin.des.WaldeS\r\n\tMegamind\r\n\tMinions.2.-.Auf.der.Suche.nach.dem.Mini.Boss.-.2022\r\n\tMission_Panda_Ein_tierisches_Team\r\n\tNorm.-.K\u00f6nig.der.Arktis.-.2016\r\n\tPets\r\n\tPlanet51\r\n\tPok\u00e9mon.Meisterdetektiv.Pikachu.2019\r\n\tRalph.reichts.2.Chaos.im.Netz\r\n\tRatatouille\r\n\tRio.1\r\n\tRio.2\r\n\tRuby.taucht.ab.-.2023\r\n\tShaun.das.Schaf.-.Der.Film_.UFO-Alarm.2019\r\n\tSing\r\n\tSmaragdgr\u00fcn\r\n\tSpace.Dogs.-.2010\r\n\tSpione.Undercover\r\n\tSpy.Kids.-.Armageddon.-.2023\r\n\tSt\u00f6rche.Abenteuer.im.Anflug\r\n\tThe.Boss.Baby.1\r\n\tTieriesch.Wild\r\n\tTom.and.Jerry_.The.Movie.1992\r\n\tWallace.+.Gromit.-.Alles.K\u00e4se.-.1990\r\n\tWallace.+.Gromit.-.Die.Techno-Hose.-.1993\r\n\tWolkig.mit.Aussicht.auf.Fleischb\u00e4llchen.1\r\n\t2020 Wolkig.mit.Aussicht.auf.Fleischb\u00e4llchen.2\r\n\t&nbsp;\r\n\r\n"},"2":{"name":"[COLOR red]\u2022  [\/COLOR][COLOR white]DuckTales[\/COLOR]","image":"https:\/\/wagasworld.com\/sites\/default\/files\/styles\/large\/public\/2021-09\/DuckTales.jpg?itok=U9motMIL","link":"https:\/\/wagasworld.com\/kodi.php?channel=DuckTales","info":""},"3":{"name":"[COLOR red]\u2022  [\/COLOR][COLOR white]Adolars[\/COLOR]","image":"https:\/\/wagasworld.com\/sites\/default\/files\/styles\/large\/public\/2021-09\/Adolars.jpg?itok=RSADALum","link":"https:\/\/wagasworld.com\/kodi.php?channel=Adolars","info":""},"4":{"name":"[COLOR red]\u2022  [\/COLOR][COLOR white]Bibi.und.Tina[\/COLOR]","image":"https:\/\/wagasworld.com\/sites\/default\/files\/styles\/large\/public\/2021-09\/Bibi.und_.Tina_.jpg?itok=1wjBo2W8","link":"https:\/\/wagasworld.com\/kodi.php?channel=Bibi.und.Tina","info":""},"5":{"name":"[COLOR red]\u2022  [\/COLOR][COLOR white]DEFA[\/COLOR]","image":"https:\/\/wagasworld.com\/sites\/default\/files\/styles\/large\/public\/2021-09\/DEFA.jpg?itok=knwwpDUv","link":"https:\/\/wagasworld.com\/kodi.php?channel=DEFA","info":""},"6":{"name":"[COLOR red]\u2022  [\/COLOR][COLOR white]Narnia[\/COLOR]","image":"https:\/\/wagasworld.com\/sites\/default\/files\/styles\/large\/public\/2021-09\/Narnia.jpg?itok=L1dfhlZL","link":"https:\/\/wagasworld.com\/kodi.php?channel=Narnia","info":""},"7":{"name":"[COLOR red]\u2022  [\/COLOR][COLOR white]BarbieFilme[\/COLOR]","image":"https:\/\/wagasworld.com\/sites\/default\/files\/styles\/large\/public\/2021-09\/Barbie.jpg?itok=b6WZ1CXS","link":"https:\/\/wagasworld.com\/kodi.php?channel=Barbie","info":""},"8":{"name":"[COLOR red]\u2022  [\/COLOR][COLOR white]Tom.und.Jerry[\/COLOR]","image":"https:\/\/wagasworld.com\/sites\/default\/files\/styles\/large\/public\/2021-09\/Tom.und_.Jerry_.jpg?itok=Yz9t67f-","link":"https:\/\/wagasworld.com\/kodi.php?channel=Tom.und.Jerry","info":""},"9":{"name":"[COLOR red]\u2022  [\/COLOR][COLOR white]kaptainbalu[\/COLOR]","image":"https:\/\/wagasworld.com\/sites\/default\/files\/styles\/large\/public\/2021-09\/kaptainbalu.jpg?itok=FMb8w1Zr","link":"https:\/\/wagasworld.com\/kodi.php?channel=kaptainbalu","info":""},"10":{"name":"[COLOR red]\u2022  [\/COLOR][COLOR white]PawPatrol[\/COLOR]","image":"https:\/\/wagasworld.com\/sites\/default\/files\/styles\/large\/public\/2021-09\/pawpatrol.png?itok=7S51M278","link":"https:\/\/wagasworld.com\/kodi.php?channel=pawpatrol","info":""},"11":{"name":"[COLOR red]\u2022  [\/COLOR][COLOR white]Meine.Freundin.Conni[\/COLOR]","image":"https:\/\/wagasworld.com\/sites\/default\/files\/styles\/large\/public\/2021-09\/conni.jpg?itok=rowdElaU","link":"https:\/\/wagasworld.com\/kodi.php?channel=conni","info":""},"12":{"name":"[COLOR red]\u2022  [\/COLOR][COLOR white]Es.war.einmal.der.Mensch[\/COLOR]","image":"https:\/\/wagasworld.com\/sites\/default\/files\/styles\/large\/public\/2021-09\/Es.war_.einmal.der_.Mensch.jpg?itok=s8JtPBhw","link":"https:\/\/wagasworld.com\/kodi.php?channel=Es.war.einmal.der.Mensch","info":""},"13":{"name":"[COLOR red]\u2022  [\/COLOR][COLOR white]Ferien auf Saltkrokan[\/COLOR]","image":"https:\/\/wagasworld.com\/sites\/default\/files\/styles\/large\/public\/2021-09\/saltkrokan.jpg?itok=8lOgwBQB","link":"https:\/\/wagasworld.com\/kodi.php?channel=saltkrokan","info":""},"14":{"name":"[COLOR red]\u2022  [\/COLOR][COLOR white]Michel aus L\u00f6nneberga[\/COLOR]","image":"https:\/\/wagasworld.com\/sites\/default\/files\/styles\/large\/public\/2021-09\/michel.jpg?itok=4a9bednM","link":"https:\/\/wagasworld.com\/kodi.php?channel=michel","info":""},"15":{"name":"[COLOR red]\u2022  [\/COLOR][COLOR white]Die-Gummib\u00e4renbande[\/COLOR]","image":"https:\/\/wagasworld.com\/sites\/default\/files\/styles\/large\/public\/2021-09\/guldukat-gummibaerenbande.jpg?itok=I_XX3KZm","link":"https:\/\/wagasworld.com\/kodi.php?channel=guldukat-gummibaerenbande","info":""},"16":{"name":"[COLOR red]\u2022  [\/COLOR][COLOR white]DieDinos[\/COLOR]","image":"https:\/\/wagasworld.com\/sites\/default\/files\/styles\/large\/public\/2021-09\/guldukat-diedinos.jpg?itok=VehIkNJg","link":"https:\/\/wagasworld.com\/kodi.php?channel=guldukat-diedinos","info":""},"17":{"name":"[COLOR red]\u2022  [\/COLOR][COLOR white]DieJetsons[\/COLOR]","image":"https:\/\/wagasworld.com\/sites\/default\/files\/styles\/large\/public\/2021-09\/DieJetsons.jpg?itok=-cfMHmEE","link":"https:\/\/wagasworld.com\/kodi.php?channel=guldukat-diejetsons","info":""},"18":{"name":"[COLOR red]\u2022  [\/COLOR][COLOR white]L\u00f6wenzahn[\/COLOR]","image":"https:\/\/wagasworld.com\/sites\/default\/files\/styles\/large\/public\/2021-10\/loewenzahn.jpg?itok=k3IE1Sdy","link":"https:\/\/wagasworld.com\/kodi.php?channel=guldukat-loewenzahn","info":""},"19":{"name":"[COLOR red]\u2022  [\/COLOR][COLOR white]Pippi Langstrumpf[\/COLOR]","image":"https:\/\/wagasworld.com\/sites\/default\/files\/styles\/large\/public\/2021-10\/guldukat-langstrumpf.jpg?itok=bs27ClVW","link":"https:\/\/wagasworld.com\/kodi.php?channel=guldukat-langstrumpf","info":""},"20":{"name":"[COLOR red]\u2022  [\/COLOR][COLOR white]HeMan[\/COLOR]","image":"https:\/\/wagasworld.com\/sites\/default\/files\/styles\/large\/public\/2021-10\/guldukat-heman.jpg?itok=prdUqopR","link":"https:\/\/wagasworld.com\/kodi.php?channel=guldukat-heman","info":""},"21":{"name":"[COLOR red]\u2022  [\/COLOR][COLOR white]HarryPotter[\/COLOR]","image":"https:\/\/wagasworld.com\/sites\/default\/files\/styles\/large\/public\/2021-10\/guldukat-harrypotter.jpg?itok=s1QKzL6V","link":"https:\/\/wagasworld.com\/kodi.php?channel=guldukat-harrypotter","info":""},"22":{"name":"[COLOR red]\u2022  [\/COLOR][COLOR white]DieUnendlicheGeschichte[\/COLOR]","image":"https:\/\/wagasworld.com\/sites\/default\/files\/styles\/large\/public\/2021-10\/dieunendlichegeschichte.jpg?itok=fPmkuLsw","link":"https:\/\/wagasworld.com\/kodi.php?channel=dieunendlichegeschichte","info":""},"23":{"name":"[COLOR red]\u2022  [\/COLOR][COLOR white]Asterix.der.Gallier[\/COLOR]","image":"https:\/\/wagasworld.com\/sites\/default\/files\/styles\/large\/public\/2021-11\/Asterix.der_.Gallier.jpg?itok=XKOGNYXd","link":"https:\/\/wagasworld.com\/kodi.php?channel=Asterix.der.Gallier","info":""},"24":{"name":"[COLOR red]\u2022  [\/COLOR][COLOR white]Miraculous[\/COLOR]","image":"https:\/\/wagasworld.com\/sites\/default\/files\/styles\/large\/public\/2021-11\/Miraculous.jpg?itok=nJB0hUiL","link":"https:\/\/wagasworld.com\/kodi.php?channel=Miraculous","info":""},"25":{"name":"[COLOR red]\u2022  [\/COLOR][COLOR white]Heidi[\/COLOR]","image":"https:\/\/wagasworld.com\/sites\/default\/files\/styles\/large\/public\/2021-11\/heidi.jpg?itok=ULrQCuKM","link":"https:\/\/wagasworld.com\/kodi.php?channel=Heidi","info":""},"26":{"name":"[COLOR red]\u2022  [\/COLOR][COLOR white]Sindbad[\/COLOR]","image":"https:\/\/wagasworld.com\/sites\/default\/files\/styles\/large\/public\/2022-10\/sindbad.jpg?itok=wIdGXjgz","link":"https:\/\/wagasworld.com\/kodi.php?channel=Sindbad","info":""},"27":{"name":"[COLOR red]\u2022  [\/COLOR][COLOR white]MightyDucks[\/COLOR]","image":"https:\/\/wagasworld.com\/sites\/default\/files\/styles\/large\/public\/2022-12\/a46a77ded7b0a05a2f26de3d3f78438f.jpg?itok=3ESMo-Av","link":"https:\/\/wagasworld.com\/kodi.php?channel=MightyDucks",
"info":""},"category_name":"Kids","image":"https://www.dropbox.com/scl/fi/3ey3y8g1wo4d5s9nzmlvm/Kids.png?rlkey=mmg4mqzc0w7e4yd7iv7drz6vj&st=4maf8t2u&dl=1","info":"Cartoons und mehr rund um die Uhr, nicht alle sind 24\/7 online."},{"0":{"name":"[COLOR red]\u2022  [\/COLOR][COLOR white]Shinchan[\/COLOR]","image":"https:\/\/wagasworld.com\/sites\/default\/files\/styles\/large\/public\/2021-09\/shinchan.jpg?itok=KZpMOtuM","link":"https:\/\/wagasworld.com\/kodi.php?channel=shinchan","info":""},"1":{"name":"[COLOR red]\u2022  [\/COLOR][COLOR white]Highschool.DxD.Hero[\/COLOR]","image":"https:\/\/wagasworld.com\/sites\/default\/files\/styles\/large\/public\/2021-09\/Highschool.DxD_.Hero_.png?itok=GX3vYxRW","link":"https:\/\/wagasworld.com\/kodi.php?channel=Highschool.DxD.Hero","info":""},"2":{"name":"[COLOR red]\u2022  [\/COLOR][COLOR white]HOtD[\/COLOR]","image":"https:\/\/wagasworld.com\/sites\/default\/files\/styles\/large\/public\/2021-09\/HOtD.jpg?itok=qjYcN4vS","link":"https:\/\/wagasworld.com\/kodi.php?channel=HOtD","info":""},"3":{"name":"[COLOR red]\u2022  [\/COLOR][COLOR white]DeathNote[\/COLOR]","image":"https:\/\/wagasworld.com\/sites\/default\/files\/styles\/large\/public\/2021-09\/DeathNote.png?itok=MH1ZCuFp","link":"https:\/\/wagasworld.com\/kodi.php?channel=DeathNote","info":""},"4":{"name":"[COLOR red]\u2022  [\/COLOR][COLOR white]AttackonTitan[\/COLOR]","image":"https:\/\/wagasworld.com\/sites\/default\/files\/styles\/large\/public\/2021-09\/AttackonTitan.png?itok=IUrN3rFC","link":"https:\/\/wagasworld.com\/kodi.php?channel=AttackonTitan","info":""},"5":{"name":"[COLOR red]\u2022  [\/COLOR][COLOR white]Detektiv.Conan.Filme[\/COLOR]","image":"https:\/\/wagasworld.com\/sites\/default\/files\/styles\/large\/public\/2021-09\/DConanFilme.jpg?itok=Ht972IkK","link":"https:\/\/wagasworld.com\/kodi.php?channel=ConanFilme","info":""},"6":{"name":"[COLOR red]\u2022  [\/COLOR][COLOR white]Castlevania[\/COLOR]","image":"https:\/\/wagasworld.com\/sites\/default\/files\/styles\/large\/public\/2021-09\/Castlevania.jpg?itok=QQVJUBEq","link":"https:\/\/wagasworld.com\/kodi.php?channel=Castlevania","info":""},"7":{"name":"[COLOR red]\u2022  [\/COLOR][COLOR white]Yamada-kun[\/COLOR]","image":"https:\/\/wagasworld.com\/sites\/default\/files\/styles\/large\/public\/2021-09\/Yamada-kun.jpg?itok=bvpw2WMU","link":"https:\/\/wagasworld.com\/kodi.php?channel=Yamada-kun","info":""},"8":{"name":"[COLOR red]\u2022  [\/COLOR][COLOR white]Prison.School[\/COLOR]","image":"https:\/\/wagasworld.com\/sites\/default\/files\/styles\/large\/public\/2021-09\/Prison.School.jpg?itok=ZDk0SpAf","link":"https:\/\/wagasworld.com\/kodi.php?channel=Prison.School","info":""},"9":{"name":"[COLOR red]\u2022  [\/COLOR][COLOR white]ToukenRanbu[\/COLOR]","image":"https:\/\/wagasworld.com\/sites\/default\/files\/styles\/large\/public\/2021-09\/ToukenRanbu.png?itok=MNqx1SZl","link":"https:\/\/wagasworld.com\/kodi.php?channel=ToukenRanbu","info":""},"10":{"name":"[COLOR red]\u2022  [\/COLOR][COLOR white]AssassinationClassroom[\/COLOR]","image":"https:\/\/wagasworld.com\/sites\/default\/files\/styles\/large\/public\/2021-09\/AssassinationClassroom.jpg?itok=djbHfRH4","link":"https:\/\/wagasworld.com\/kodi.php?channel=AssassinationClassroom","info":""},"11":{"name":"[COLOR red]\u2022  [\/COLOR][COLOR white]ID-0[\/COLOR]","image":"https:\/\/wagasworld.com\/sites\/default\/files\/styles\/large\/public\/2021-09\/ID-0.jpg?itok=yoANHI1J","link":"https:\/\/wagasworld.com\/kodi.php?channel=ID-0","info":""},"12":{"name":"[COLOR red]\u2022  [\/COLOR][COLOR white]Fullmetal.Alchemist[\/COLOR]","image":"https:\/\/wagasworld.com\/sites\/default\/files\/styles\/large\/public\/2021-09\/Fullmetal.Alchemist.jpg?itok=xSunC8E0","link":"https:\/\/wagasworld.com\/kodi.php?channel=Fullmetal.Alchemist","info":""},"13":{"name":"[COLOR red]\u2022  [\/COLOR][COLOR white]DragonballZ[\/COLOR]","image":"https:\/\/wagasworld.com\/sites\/default\/files\/styles\/large\/public\/2021-09\/DragonballZ.jpg?itok=Xl5SsI98","link":"https:\/\/wagasworld.com\/kodi.php?channel=DragonballZ","info":""},"14":{"name":"[COLOR red]\u2022  [\/COLOR][COLOR white]NarutoMovies[\/COLOR]","image":"https:\/\/wagasworld.com\/sites\/default\/files\/styles\/large\/public\/2021-09\/narutomovies.jpg?itok=kLr9REZu","link":"https:\/\/wagasworld.com\/kodi.php?channel=narutomovies","info":""},"15":{"name":"[COLOR red]\u2022  [\/COLOR][COLOR white]Yu-Gi-Oh[\/COLOR]","image":"https:\/\/wagasworld.com\/sites\/default\/files\/styles\/large\/public\/2021-09\/yugioh_0.jpeg?itok=GLaKPd4s","link":"https:\/\/wagasworld.com\/kodi.php?channel=yugioh","info":""},"16":{"name":"[COLOR red]\u2022  [\/COLOR][COLOR white]OnePiece[\/COLOR]","image":"https:\/\/wagasworld.com\/sites\/default\/files\/styles\/large\/public\/2021-09\/onepiece.jpg?itok=nGyslnyA","link":"https:\/\/wagasworld.com\/kodi.php?channel=OnePieceSerie","info":""},"17":{"name":"[COLOR red]\u2022  [\/COLOR][COLOR white]Detektiv.Conan (bis folge 334)[\/COLOR]","image":"https:\/\/wagasworld.com\/sites\/default\/files\/styles\/large\/public\/2021-10\/guldukat-conan.jpg?itok=6BDbz9SY","link":"https:\/\/wagasworld.com\/kodi.php?channel=guldukat-conan","info":""},"18":{"name":"[COLOR red]\u2022  [\/COLOR][COLOR white]FairyTail[\/COLOR]","image":"https:\/\/wagasworld.com\/sites\/default\/files\/styles\/large\/public\/2021-10\/Fairytail.png?itok=AHF1PbXf","link":"https:\/\/wagasworld.com\/kodi.php?channel=fairytail","info":""},"19":{"name":"[COLOR red]\u2022  [\/COLOR][COLOR white]One.Piece.Movies[\/COLOR]","image":"https:\/\/wagasworld.com\/sites\/default\/files\/styles\/large\/public\/2023-01\/516664.jpg?itok=az6v7m_J","link":"https:\/\/wagasworld.com\/kodi.php?channel=One.Piece.Movies","info":""},"20":{"name":"[COLOR red]\u2022  [\/COLOR][COLOR white]Dragonball[\/COLOR]","image":"https:\/\/wagasworld.com\/sites\/default\/files\/styles\/large\/public\/2023-02\/dragon-ball_6098874.jpg?itok=-4g5aEDe","link":"https:\/\/wagasworld.com\/kodi.php?channel=dragonball.Normal","info":""},"21":{"name":"[COLOR red]\u2022  [\/COLOR][COLOR white]Dragonball-GT[\/COLOR]","image":"https:\/\/wagasworld.com\/sites\/default\/files\/styles\/large\/public\/2023-02\/Dragon%20Ball%20GT%20-%20Titelbild.png?itok=vnRv-JLJ","link":"https:\/\/wagasworld.com\/kodi.php?channel=Dragonball.GT","info":""},"22":{"name":"[COLOR red]\u2022  [\/COLOR][COLOR white]Naruto.Shippuden[\/COLOR]","image":"https:\/\/wagasworld.com\/sites\/default\/files\/styles\/large\/public\/2023-03\/naruto-shippuden.png?itok=rG1b4fNZ","link":"https:\/\/wagasworld.com\/kodi.php?channel=Naruto.Shippuden","info":""},"23":{"name":"[COLOR red]\u2022  [\/COLOR][COLOR white]Naruto[\/COLOR]","image":"https:\/\/wagasworld.com\/sites\/default\/files\/styles\/large\/public\/2023-03\/naruto.jpg?itok=YPc24h_Q","link":"https:\/\/wagasworld.com\/kodi.php?channel=Naruto-Serie","info":""},"24":{"name":"[COLOR red]\u2022  [\/COLOR][COLOR white]Dragonball.Super[\/COLOR]","image":"https:\/\/wagasworld.com\/sites\/default\/files\/styles\/large\/public\/2023-03\/Dragonball.Super_.jpg?itok=0R4yGuIm","link":"https:\/\/wagasworld.com\/kodi.php?channel=Dragonball.Super","info":""},"25":{"name":"[COLOR red]\u2022  [\/COLOR][COLOR white]Detektiv.Conan (ab 334)[\/COLOR]","image":"https:\/\/wagasworld.com\/sites\/default\/files\/styles\/large\/public\/2023-08\/Detektiv-Conan-TMS-Entertainment-Gosho-Aoyama-.jpg?itok=TI35NqVO","link":"https:\/\/wagasworld.com\/kodi.php?channel=Detektiv.Conan.ab334","info":""},"26":{"name":"[COLOR red]\u2022  [\/COLOR][COLOR white]T.T.I.G.R.A.A.Slime[\/COLOR]","image":"https:\/\/wagasworld.com\/sites\/default\/files\/styles\/large\/public\/2023-08\/animethat-time-i-got-reincarnated-as-a-slime-5k-ultra-hd-large-1990118097.jpg?itok=FyUOdQNA","link":"https:\/\/wagasworld.com\/kodi.php?channel=T.T.I.G.R.A.A.Slime",
"info":""},"category_name":"Anime","image":"https://www.dropbox.com/scl/fi/n7apmr6abtia53c13fq3g/Anime.png?rlkey=sw5mw8bmgk39ql06zp9zsm9qb&st=ppy5lqrs&dl=1","info":"Anime Serien rund um die Uhr, nicht alle sind 24\/7 online."},{"0":{"name":"[COLOR red]\u2022  [\/COLOR][COLOR white]KoQ[\/COLOR]","image":"https:\/\/wagasworld.com\/sites\/default\/files\/styles\/large\/public\/2021-09\/KoQ.jpg?itok=zC47xY87","link":"https:\/\/wagasworld.com\/kodi.php?channel=guldukat-koq","info":""},"1":{"name":"[COLOR red]\u2022  [\/COLOR][COLOR white]Two.and.a.Half.Men[\/COLOR]","image":"https:\/\/wagasworld.com\/sites\/default\/files\/styles\/large\/public\/2021-09\/guldukat-taahm.png?itok=JWxLRGVW","link":"https:\/\/wagasworld.com\/kodi.php?channel=guldukat-taahm","info":""},"2":{"name":"[COLOR red]\u2022  [\/COLOR][COLOR white]Der Prinz von Bel-Air[\/COLOR]","image":"https:\/\/wagasworld.com\/sites\/default\/files\/styles\/large\/public\/2021-09\/Der%20Prinz%20von%20Bel-Air.jpg?itok=7ysJk3tP","link":"https:\/\/wagasworld.com\/kodi.php?channel=guldukat-belair","info":""},"3":{"name":"[COLOR red]\u2022  [\/COLOR][COLOR white]Ein.Herz.Und.Eine.Seele[\/COLOR]","image":"https:\/\/wagasworld.com\/sites\/default\/files\/styles\/large\/public\/2021-09\/Ein.Herz_.Und_.Eine_.Seele_.jpeg?itok=Thpbs0So","link":"https:\/\/wagasworld.com\/kodi.php?channel=Ein.Herz.Und.Eine.Seele","info":""},"4":{"name":"[COLOR red]\u2022  [\/COLOR][COLOR white]Sex.Education[\/COLOR]","image":"https:\/\/wagasworld.com\/sites\/default\/files\/styles\/large\/public\/2021-09\/Sex.Education.jpg?itok=HiTzkUR8","link":"https:\/\/wagasworld.com\/kodi.php?channel=Sex.Education","info":""},"5":{"name":"[COLOR red]\u2022  [\/COLOR][COLOR white]Himym[\/COLOR]","image":"https:\/\/wagasworld.com\/sites\/default\/files\/styles\/large\/public\/2021-09\/Himym.jpg?itok=5YfCd34T","link":"https:\/\/wagasworld.com\/kodi.php?channel=Himym","info":""},"6":{"name":"[COLOR red]\u2022  [\/COLOR][COLOR white]2.Broke.Girls[\/COLOR]","image":"https:\/\/wagasworld.com\/sites\/default\/files\/styles\/large\/public\/2021-09\/2.Broke_.Girls_.jpg?itok=JGhFORtV","link":"https:\/\/wagasworld.com\/kodi.php?channel=2.Broke.Girls","info":""},"7":{"name":"[COLOR red]\u2022  [\/COLOR][COLOR white]Mash[\/COLOR]","image":"https:\/\/wagasworld.com\/sites\/default\/files\/styles\/large\/public\/2021-09\/mash.png?itok=XTp6Hde9","link":"https:\/\/wagasworld.com\/kodi.php?channel=mash","info":""},"8":{"name":"[COLOR red]\u2022  [\/COLOR][COLOR white]Malcolm in the Middle[\/COLOR]","image":"https:\/\/wagasworld.com\/sites\/default\/files\/styles\/large\/public\/2021-09\/malcom.jpg?itok=mR3F5RmU","link":"https:\/\/wagasworld.com\/kodi.php?channel=malcom","info":""},"9":{"name":"[COLOR red]\u2022  [\/COLOR][COLOR white]Familie Heinz Becker[\/COLOR]","image":"https:\/\/wagasworld.com\/sites\/default\/files\/styles\/large\/public\/2021-09\/heinzbecker.jpg?itok=MiaCyyVy","link":"https:\/\/wagasworld.com\/kodi.php?channel=heinzbecker","info":""},"10":{"name":"[COLOR red]\u2022  [\/COLOR][COLOR white]Young Sheldon[\/COLOR]","image":"https:\/\/wagasworld.com\/sites\/default\/files\/styles\/large\/public\/2021-09\/guldukat-youngsheldon.jpg?itok=O0nsQOEy","link":"https:\/\/wagasworld.com\/kodi.php?channel=guldukat-youngsheldon","info":""},"11":{"name":"[COLOR red]\u2022  [\/COLOR][COLOR white]Die Wilden Siebziger[\/COLOR]","image":"https:\/\/wagasworld.com\/sites\/default\/files\/styles\/large\/public\/2021-09\/guldukat-wildesiebziger.jpg?itok=olZ4shEB","link":"https:\/\/wagasworld.com\/kodi.php?channel=guldukat-wildesiebziger","info":""},"12":{"name":"[COLOR red]\u2022  [\/COLOR][COLOR white]TBBT[\/COLOR]","image":"https:\/\/wagasworld.com\/sites\/default\/files\/styles\/large\/public\/2021-09\/guldukat-tbbt.jpg?itok=4bVZp6rz","link":"https:\/\/wagasworld.com\/kodi.php?channel=guldukat-tbbt","info":""},"13":{"name":"[COLOR red]\u2022  [\/COLOR][COLOR white]Scrubs[\/COLOR]","image":"https:\/\/wagasworld.com\/sites\/default\/files\/styles\/large\/public\/2021-09\/guldukat-scrubs.jpg?itok=64HyPMof","link":"https:\/\/wagasworld.com\/kodi.php?channel=guldukat-scrubs","info":""},"14":{"name":"[COLOR red]\u2022  [\/COLOR][COLOR white]Eine schrecklich nette Familie[\/COLOR]","image":"https:\/\/wagasworld.com\/sites\/default\/files\/styles\/large\/public\/2021-09\/guldukat-schrecklichefamilie.jpg?itok=9Vb1uCOK","link":"https:\/\/wagasworld.com\/kodi.php?channel=guldukat-schrecklichefamilie","info":""},"15":{"name":"[COLOR red]\u2022  [\/COLOR][COLOR white]MikeandMolly[\/COLOR]","image":"https:\/\/wagasworld.com\/sites\/default\/files\/styles\/large\/public\/2021-09\/guldukat-mikeundmolly.jpeg?itok=csRPRJqA","link":"https:\/\/wagasworld.com\/kodi.php?channel=guldukat-mikeundmolly","info":""},"16":{"name":"[COLOR red]\u2022  [\/COLOR][COLOR white]LittleBritain[\/COLOR]","image":"https:\/\/wagasworld.com\/sites\/default\/files\/styles\/large\/public\/2021-10\/llittlebritain.jpg?itok=eF46-UGB","link":"https:\/\/wagasworld.com\/kodi.php?channel=guldukat-littlebritain","info":""},"17":{"name":"[COLOR red]\u2022  [\/COLOR][COLOR white]Ein K\u00e4fig voller Helden[\/COLOR]","image":"https:\/\/wagasworld.com\/sites\/default\/files\/styles\/large\/public\/2021-10\/guldukat-kaefigvollerhelden.jpg?itok=enqDyos4","link":"https:\/\/wagasworld.com\/kodi.php?channel=guldukat-kaefigvollerhelden","info":""},"18":{"name":"[COLOR red]\u2022  [\/COLOR][COLOR white]Immer wieder Jim[\/COLOR]","image":"https:\/\/wagasworld.com\/sites\/default\/files\/styles\/large\/public\/2021-10\/guldukat-immerwiederjim.jpg?itok=bD6uASeI","link":"https:\/\/wagasworld.com\/kodi.php?channel=guldukat-immerwiederjim","info":""},"19":{"name":"[COLOR red]\u2022  [\/COLOR][COLOR white]H\u00f6r mal wer da h\u00e4mmert[\/COLOR]","image":"https:\/\/wagasworld.com\/sites\/default\/files\/styles\/large\/public\/2021-10\/guldukat-homeimprovement.jpg?itok=doG4ldtb","link":"https:\/\/wagasworld.com\/kodi.php?channel=guldukat-homeimprovement","info":""},"20":{"name":"[COLOR red]\u2022  [\/COLOR][COLOR white]MrBean[\/COLOR]","image":"https:\/\/wagasworld.com\/sites\/default\/files\/styles\/large\/public\/2021-10\/guldukat-bean.jpg?itok=2fn-ppP8","link":"https:\/\/wagasworld.com\/kodi.php?channel=guldukat-bean","info":""},"21":{"name":"[COLOR red]\u2022  [\/COLOR][COLOR white]Alle.hassen.Chriss[\/COLOR]","image":"https:\/\/wagasworld.com\/sites\/default\/files\/styles\/large\/public\/2021-10\/guldukat-allehassenchris.jpg?itok=n217e-YX","link":"https:\/\/wagasworld.com\/kodi.php?channel=guldukat-allehassenchris","info":""},"22":{"name":"[COLOR red]\u2022  [\/COLOR][COLOR white]Alf[\/COLOR]","image":"https:\/\/wagasworld.com\/sites\/default\/files\/styles\/large\/public\/2021-10\/guldukat-alf.jpg?itok=G0vE3u7v","link":"https:\/\/wagasworld.com\/kodi.php?channel=guldukat-alf","info":""},"23":{"name":"[COLOR red]\u2022  [\/COLOR][COLOR white]BezauberndeJeannie[\/COLOR]","image":"https:\/\/wagasworld.com\/sites\/default\/files\/styles\/large\/public\/2021-10\/bezauberndejeannie.jpg?itok=_zoaCDe1","link":"https:\/\/wagasworld.com\/kodi.php?channel=bezauberndejeannie","info":""},"24":{"name":"[COLOR red]\u2022  [\/COLOR][COLOR white]Der.Mann.in.den.Bergen[\/COLOR]","image":"https:\/\/wagasworld.com\/sites\/default\/files\/styles\/large\/public\/2022-07\/The-Life-and-Times-of-Grizzly-Adams-Season-2-2.jpg?itok=T2pd1SUA","link":"https:\/\/wagasworld.com\/kodi.php?channel=Der.Mann.in.den.Bergen","info":""},"25":{"name":"[COLOR red]\u2022  [\/COLOR][COLOR white]T\u00fcrkisch.f\u00fcr.Anf\u00e4nger[\/COLOR]","image":"https:\/\/wagasworld.com\/sites\/default\/files\/styles\/large\/public\/2022-12\/qXnQGebdxCxT2c.jpg?itok=8e2s9X5X","link":"https:\/\/wagasworld.com\/kodi.php?channel=Tuerkisch.fuer.Anfaenger",
"info":""},"category_name":"Sitcoms\/Familie","image":"https://www.dropbox.com/scl/fi/pi7aal6wo7c5tbmh65q9x/SitcomsFamilie.png?rlkey=2tpko49u0arzsf5f7kbbcvv9l&st=cuy4ymxu&dl=1","info":"Sitcoms rund um die Uhr, nicht alle sind 24\/7 online."},{"0":{"name":"[COLOR red]\u2022  [\/COLOR][COLOR white]Stargate SG1[\/COLOR]","image":"https:\/\/wagasworld.com\/sites\/default\/files\/styles\/large\/public\/2021-09\/stargate.jpg?itok=UmO_aD8H","link":"https:\/\/wagasworld.com\/kodi.php?channel=stargate","info":""},"1":{"name":"[COLOR red]\u2022  [\/COLOR][COLOR white]The.Mandalorian[\/COLOR]","image":"https:\/\/wagasworld.com\/sites\/default\/files\/styles\/large\/public\/2021-09\/The.Mandalorian.jpg?itok=B9qsJf6Z","link":"https:\/\/wagasworld.com\/kodi.php?channel=The.Mandalorian","info":""},"2":{"name":"[COLOR red]\u2022  [\/COLOR][COLOR white]Tek.War[\/COLOR]","image":"https:\/\/wagasworld.com\/sites\/default\/files\/styles\/large\/public\/2021-09\/Tek.War_.jpg?itok=5FS3ZANF","link":"https:\/\/wagasworld.com\/kodi.php?channel=Tek.War","info":""},"3":{"name":"[COLOR red]\u2022  [\/COLOR][COLOR white]TheFlash[\/COLOR]","image":"https:\/\/wagasworld.com\/sites\/default\/files\/styles\/large\/public\/2021-09\/TheFlash.jpg?itok=EjFL7X0a","link":"https:\/\/wagasworld.com\/kodi.php?channel=TheFlash","info":""},"4":{"name":"[COLOR red]\u2022  [\/COLOR][COLOR white]doctor-who[\/COLOR]","image":"https:\/\/wagasworld.com\/sites\/default\/files\/styles\/large\/public\/2021-09\/doctor-who.jpg?itok=wbrZHu3m","link":"https:\/\/wagasworld.com\/kodi.php?channel=doctor-who","info":""},"5":{"name":"[COLOR red]\u2022  [\/COLOR][COLOR white]Star Trek: Raumschiff Voyager[\/COLOR]","image":"https:\/\/wagasworld.com\/sites\/default\/files\/styles\/large\/public\/2021-09\/voyager.jpg?itok=hmD9c3LI","link":"https:\/\/wagasworld.com\/kodi.php?channel=voyager","info":""},"6":{"name":"[COLOR red]\u2022  [\/COLOR][COLOR white]TheOrville[\/COLOR]","image":"https:\/\/wagasworld.com\/sites\/default\/files\/styles\/large\/public\/2021-09\/theorville.jpg?itok=3R-aOiPB","link":"https:\/\/wagasworld.com\/kodi.php?channel=theorville","info":""},"7":{"name":"[COLOR red]\u2022  [\/COLOR][COLOR white]Star Trek: Short Treks[\/COLOR]","image":"https:\/\/wagasworld.com\/sites\/default\/files\/styles\/large\/public\/2021-09\/star-trek-short-treks.jpeg?itok=TGswTeck","link":"https:\/\/wagasworld.com\/kodi.php?channel=star-trek-short-treks","info":""},"8":{"name":"[COLOR red]\u2022  [\/COLOR][COLOR white]Star Trek: Picard[\/COLOR]","image":"https:\/\/wagasworld.com\/sites\/default\/files\/styles\/large\/public\/2021-09\/startrekpicard.jpg?itok=RKfAweEv","link":"https:\/\/wagasworld.com\/kodi.php?channel=startrekpicard","info":""},"9":{"name":"[COLOR red]\u2022  [\/COLOR][COLOR white]StargateUniverse[\/COLOR]","image":"https:\/\/wagasworld.com\/sites\/default\/files\/styles\/large\/public\/2021-09\/stargate-universe.jpg?itok=j64nC9pw","link":"https:\/\/wagasworld.com\/kodi.php?channel=stargate-universe","info":""},"10":{"name":"[COLOR red]\u2022  [\/COLOR][COLOR white]StargateAtlantis[\/COLOR]","image":"https:\/\/wagasworld.com\/sites\/default\/files\/styles\/large\/public\/2021-09\/stargate-atlantis.jpg?itok=OSw5F6p0","link":"https:\/\/wagasworld.com\/kodi.php?channel=stargate-atlantis","info":""},"11":{"name":"[COLOR red]\u2022  [\/COLOR][COLOR white]SeaQuestDSV[\/COLOR]","image":"https:\/\/wagasworld.com\/sites\/default\/files\/styles\/large\/public\/2021-09\/seaquestdsv.png?itok=vEHjvwKR","link":"https:\/\/wagasworld.com\/kodi.php?channel=seaquestdsv","info":""},"12":{"name":"[COLOR red]\u2022  [\/COLOR][COLOR white]Star Trek: The Next Generation[\/COLOR]","image":"https:\/\/wagasworld.com\/sites\/default\/files\/styles\/large\/public\/2021-09\/next-generation.jpg?itok=oOdHTY97","link":"https:\/\/wagasworld.com\/kodi.php?channel=next-generation","info":""},"13":{"name":"[COLOR red]\u2022  [\/COLOR][COLOR white]V \u2013 Die au\u00dferirdischen Besucher[\/COLOR]","image":"https:\/\/wagasworld.com\/sites\/default\/files\/styles\/large\/public\/2021-09\/guldukat-vdieausserirdischen.jpg?itok=Ll5IuDBN","link":"https:\/\/wagasworld.com\/kodi.php?channel=guldukat-vdieausserirdischen","info":""},"14":{"name":"[COLOR red]\u2022  [\/COLOR][COLOR white]UFO[\/COLOR]","image":"https:\/\/wagasworld.com\/sites\/default\/files\/styles\/large\/public\/2021-09\/ufo.jpg?itok=0MDwGi43","link":"https:\/\/wagasworld.com\/kodi.php?channel=guldukat-ufo","info":""},"15":{"name":"[COLOR red]\u2022  [\/COLOR][COLOR white]Raumpatrouille ORION[\/COLOR]","image":"https:\/\/wagasworld.com\/sites\/default\/files\/styles\/large\/public\/2021-09\/guldukat-orion.jpg?itok=bigTUWN5","link":"https:\/\/wagasworld.com\/kodi.php?channel=guldukat-orion","info":""},"16":{"name":"[COLOR red]\u2022  [\/COLOR][COLOR white]Star Trek: Enterprise[\/COLOR]","image":"https:\/\/wagasworld.com\/sites\/default\/files\/styles\/large\/public\/2021-09\/guldukat-nextenterprise.jpg?itok=lEee3Bp5","link":"https:\/\/wagasworld.com\/kodi.php?channel=guldukat-nextenterprise","info":""},"17":{"name":"[COLOR red]\u2022  [\/COLOR][COLOR white]MissionErde[\/COLOR]","image":"https:\/\/wagasworld.com\/sites\/default\/files\/styles\/large\/public\/2021-09\/guldukat-missionerde.jpg?itok=XXUkYS_q","link":"https:\/\/wagasworld.com\/kodi.php?channel=guldukat-missionerde","info":""},"18":{"name":"[COLOR red]\u2022  [\/COLOR][COLOR white]Mondbasis Alpha[\/COLOR]","image":"https:\/\/wagasworld.com\/sites\/default\/files\/styles\/large\/public\/2021-09\/guldukat-mondbasis.jpg?itok=i6avjNfH","link":"https:\/\/wagasworld.com\/kodi.php?channel=guldukat-mondbasis","info":""},"19":{"name":"[COLOR red]\u2022  [\/COLOR][COLOR white]Kampfstern Galactica [\/COLOR]","image":"https:\/\/wagasworld.com\/sites\/default\/files\/styles\/large\/public\/2021-10\/guldukat-galactica.jpg?itok=BWiqhqsH","link":"https:\/\/wagasworld.com\/kodi.php?channel=guldukat-galactica","info":""},"20":{"name":"[COLOR red]\u2022  [\/COLOR][COLOR white]Eureka[\/COLOR]","image":"https:\/\/wagasworld.com\/sites\/default\/files\/styles\/large\/public\/2021-10\/guldukat-eureka.jpg?itok=1AqvpjyY","link":"https:\/\/wagasworld.com\/kodi.php?channel=guldukat-eureka","info":""},"21":{"name":"[COLOR red]\u2022  [\/COLOR][COLOR white]Star Trek Discovery[\/COLOR]","image":"https:\/\/wagasworld.com\/sites\/default\/files\/styles\/large\/public\/2021-10\/guldukat-discovery.jpg?itok=qMY0fb1M","link":"https:\/\/wagasworld.com\/kodi.php?channel=guldukat-discovery","info":""},"22":{"name":"[COLOR red]\u2022  [\/COLOR][COLOR white]Babylon5[\/COLOR]","image":"https:\/\/wagasworld.com\/sites\/default\/files\/styles\/large\/public\/2021-10\/guldukat-babylon5.jpg?itok=1Ggn5FSg","link":"https:\/\/wagasworld.com\/kodi.php?channel=guldukat-babylon5","info":""},"23":{"name":"[COLOR red]\u2022  [\/COLOR][COLOR white]Firefly[\/COLOR]","image":"https:\/\/wagasworld.com\/sites\/default\/files\/styles\/large\/public\/2021-10\/firefly.jpg?itok=7zceWxcf","link":"https:\/\/wagasworld.com\/kodi.php?channel=firefly","info":""},"24":{"name":"[COLOR red]\u2022  [\/COLOR][COLOR white]Star Trek DS9[\/COLOR]","image":"https:\/\/wagasworld.com\/sites\/default\/files\/styles\/large\/public\/2021-10\/ds91.jpg?itok=Ysng9lDN","link":"https:\/\/wagasworld.com\/kodi.php?channel=ds9","info":""},"25":{"name":"[COLOR red]\u2022  [\/COLOR][COLOR white]BuckRogers[\/COLOR]","image":"https:\/\/wagasworld.com\/sites\/default\/files\/styles\/large\/public\/2021-10\/buckrogers.jpg?itok=uG42IzO2","link":"https:\/\/wagasworld.com\/kodi.php?channel=buckrogers","info":""},"26":{"name":"[COLOR red]\u2022  [\/COLOR][COLOR white]Agent.Carter[\/COLOR]","image":"https:\/\/wagasworld.com\/sites\/default\/files\/styles\/large\/public\/2022-07\/scale.jpg?itok=Fp5EG4ht","link":"https:\/\/wagasworld.com\/kodi.php?channel=Agent.Carter",
"info":""},"category_name":"SciFi","image":"https://www.dropbox.com/scl/fi/9sxskqz3pkddpdvsv8l7a/SciFi.png?rlkey=phlxn2ujlmand5f3brhaavuxh&st=4f0rzxfr&dl=1","info":"SciFi rund um die Uhr, nicht alle sind 24\/7 online."},{"0":{"name":"[COLOR red]\u2022  [\/COLOR][COLOR white]WandaVision[\/COLOR]","image":"https:\/\/wagasworld.com\/sites\/default\/files\/styles\/large\/public\/2021-09\/WandaVision.jpg?itok=qM60KU3u","link":"https:\/\/wagasworld.com\/kodi.php?channel=WandaVision","info":"Als Wanda Maximoff im Zuge des sogenannten \u201eBlip\u201c, bei dem die H\u00e4lfte der Menschheit durch die Avengers zur\u00fcckgeholt wurde, auf die Erde zur\u00fcckkehrt, muss sie feststellen, dass ihre gro\u00dfe Liebe Vision weiterhin tot ist. Daraufhin sucht sie die in New Jersey gelegene Kleinstadt Westview auf, wo einst beide zusammen alt werden wollten. Dort erschafft sie mit ihren Kr\u00e4ften innerhalb der Stadtgrenzen ihre ganz eigene Realit\u00e4t und kreiert zudem mit dem Teil des Gedankensteins, der in ihr lebt, einen neuen Vision. So m\u00f6chte Wanda ihre Trauer und Schuld verarbeiten, aber auch verdr\u00e4ngen, da die als Sitcom-Episoden angelegte Scheinwelt fortan zur Realit\u00e4t f\u00fcr das frisch verheiratete Paar wird.\r\n"},"1":{"name":"[COLOR red]\u2022  [\/COLOR][COLOR white]Salem[\/COLOR]","image":"https:\/\/wagasworld.com\/sites\/default\/files\/styles\/large\/public\/2021-09\/Salem.jpg?itok=fr39d8NP","link":"https:\/\/wagasworld.com\/kodi.php?channel=Salem","info":""},"2":{"name":"[COLOR red]\u2022  [\/COLOR][COLOR white]Vikings[\/COLOR]","image":"https:\/\/wagasworld.com\/sites\/default\/files\/styles\/large\/public\/2021-09\/Vikings.png?itok=MK2tCg4J","link":"https:\/\/wagasworld.com\/kodi.php?channel=Vikings","info":""},"3":{"name":"[COLOR red]\u2022  [\/COLOR][COLOR white]Legacies[\/COLOR]","image":"https:\/\/wagasworld.com\/sites\/default\/files\/styles\/large\/public\/2021-09\/Legacies.jpg?itok=9th_C4HN","link":"https:\/\/wagasworld.com\/kodi.php?channel=Legacies","info":""},"4":{"name":"[COLOR red]\u2022  [\/COLOR][COLOR white]Swamp.Thing[\/COLOR]","image":"https:\/\/wagasworld.com\/sites\/default\/files\/styles\/large\/public\/2021-09\/Swamp.Thing_.jpg?itok=EVaOeqJU","link":"https:\/\/wagasworld.com\/kodi.php?channel=Swamp.Thing","info":""},"5":{"name":"[COLOR red]\u2022  [\/COLOR][COLOR white]Motherland.Fort.Salem[\/COLOR]","image":"https:\/\/wagasworld.com\/sites\/default\/files\/styles\/large\/public\/2021-09\/Motherland.Fort_.Salem_.jpg?itok=UoFcuqmZ","link":"https:\/\/wagasworld.com\/kodi.php?channel=Motherland.Fort.Salem","info":""},"6":{"name":"[COLOR red]\u2022  [\/COLOR][COLOR white]The.Boys[\/COLOR]","image":"https:\/\/wagasworld.com\/sites\/default\/files\/styles\/large\/public\/2021-09\/The.Boys_.jpg?itok=Jo3urZmI","link":"https:\/\/wagasworld.com\/kodi.php?channel=The.Boys","info":""},"7":{"name":"[COLOR red]\u2022  [\/COLOR][COLOR white]Under.the.Dome[\/COLOR]","image":"https:\/\/wagasworld.com\/sites\/default\/files\/styles\/large\/public\/2021-09\/Under.the_.Dome_.jpg?itok=2lrqT_Ss","link":"https:\/\/wagasworld.com\/kodi.php?channel=Under.the.Dome","info":""},"8":{"name":"[COLOR red]\u2022  [\/COLOR][COLOR white]Game.of.Thrones[\/COLOR]","image":"https:\/\/wagasworld.com\/sites\/default\/files\/styles\/large\/public\/2021-09\/GoT.jpg?itok=Cj8mabAd","link":"https:\/\/wagasworld.com\/kodi.php?channel=GoT","info":""},"9":{"name":"[COLOR red]\u2022  [\/COLOR][COLOR white]Lucifer[\/COLOR]","image":"https:\/\/wagasworld.com\/sites\/default\/files\/styles\/large\/public\/2021-09\/Lucifer_0.jpg?itok=jD374yeM","link":"https:\/\/wagasworld.com\/kodi.php?channel=Lucifer","info":""},"10":{"name":"[COLOR red]\u2022  [\/COLOR][COLOR white]The.Witcher[\/COLOR]","image":"https:\/\/wagasworld.com\/sites\/default\/files\/styles\/large\/public\/2021-09\/The.Witcher_0.jpg?itok=oTjIj0h_","link":"https:\/\/wagasworld.com\/kodi.php?channel=The.Witcher","info":""},"11":{"name":"[COLOR red]\u2022  [\/COLOR][COLOR white]Unglaubliche Geschichten[\/COLOR]","image":"https:\/\/wagasworld.com\/sites\/default\/files\/styles\/large\/public\/2021-09\/Unglaubliche%20Geschichten.jpg?itok=b8D3ewDY","link":"https:\/\/wagasworld.com\/kodi.php?channel=UnglaublicheGeschichten","info":""},"12":{"name":"[COLOR red]\u2022  [\/COLOR][COLOR white]CarnivalRow[\/COLOR]","image":"https:\/\/wagasworld.com\/sites\/default\/files\/styles\/large\/public\/2021-09\/carnivalrow.jpg?itok=RQvwe_FY","link":"https:\/\/wagasworld.com\/kodi.php?channel=carnivalrow","info":""},"13":{"name":"[COLOR red]\u2022  [\/COLOR][COLOR white]The Walking Dead[\/COLOR]","image":"https:\/\/wagasworld.com\/sites\/default\/files\/styles\/large\/public\/2021-09\/walkingdead.jpg?itok=flY3NTPX","link":"https:\/\/wagasworld.com\/kodi.php?channel=walkingdead","info":""},"14":{"name":"[COLOR red]\u2022  [\/COLOR][COLOR white]Warehouse13[\/COLOR]","image":"https:\/\/wagasworld.com\/sites\/default\/files\/styles\/large\/public\/2021-09\/guldukat-warehouse.jpg?itok=EbwTq5i7","link":"https:\/\/wagasworld.com\/kodi.php?channel=guldukat-warehouse","info":""},"15":{"name":"[COLOR red]\u2022  [\/COLOR][COLOR white]Supernatural[\/COLOR]","image":"https:\/\/wagasworld.com\/sites\/default\/files\/styles\/large\/public\/2021-09\/guldukat-spn.jpg?itok=Zf1UuykB","link":"https:\/\/wagasworld.com\/kodi.php?channel=guldukat-spn","info":""},"16":{"name":"[COLOR red]\u2022  [\/COLOR][COLOR white]Grimm[\/COLOR]","image":"https:\/\/wagasworld.com\/sites\/default\/files\/styles\/large\/public\/2021-10\/guldukat-grimm.jpg?itok=PZavU7iy","link":"https:\/\/wagasworld.com\/kodi.php?channel=guldukat-grimm","info":""},"17":{"name":"[COLOR red]\u2022  [\/COLOR][COLOR white]Charmed[\/COLOR]","image":"https:\/\/wagasworld.com\/sites\/default\/files\/styles\/large\/public\/2021-10\/guldukat-charmed.jpg?itok=FJqUEbA3","link":"https:\/\/wagasworld.com\/kodi.php?channel=guldukat-charmed","info":""},"18":{"name":"[COLOR red]\u2022  [\/COLOR][COLOR white]Stargirl[\/COLOR]","image":"https:\/\/wagasworld.com\/sites\/default\/files\/styles\/large\/public\/2021-11\/stargirl.jpg?itok=02L0FDoq","link":"https:\/\/wagasworld.com\/kodi.php?channel=Stargirl","info":""},"19":{"name":"[COLOR red]\u2022  [\/COLOR][COLOR white]The.Umbrella.Academy[\/COLOR]","image":"https:\/\/wagasworld.com\/sites\/default\/files\/styles\/large\/public\/2022-07\/the-umbrella-academy-og.jpg?itok=PtTbV4xg","link":"https:\/\/wagasworld.com\/kodi.php?channel=The.Umbrella.Academy","info":""},"20":{"name":"[COLOR red]\u2022  [\/COLOR][COLOR white]Marvels.Daredevil[\/COLOR]","image":"https:\/\/wagasworld.com\/sites\/default\/files\/styles\/large\/public\/2023-01\/wallp33ew4.jpg?itok=8FjqVIhV","link":"https:\/\/wagasworld.com\/kodi.php?channel=Marvels.Daredevil","info":""},"21":{"name":"[COLOR red]\u2022  [\/COLOR][COLOR white]Marvel.JessicaJones[\/COLOR]","image":"https:\/\/wagasworld.com\/sites\/default\/files\/styles\/large\/public\/2023-01\/p12123982_b_h10_af.jpg?itok=fMOlv4RO","link":"https:\/\/wagasworld.com\/kodi.php?channel=Marvel.JessicaJones",
"info":""},"category_name":"FantasyMystery","image":"https://www.dropbox.com/scl/fi/jsixwnqxsbfteexmbh1l4/FantasyMystery.png?rlkey=i9h6bves52cu4eq7h3286wqu2&st=bk0r1bl4&dl=1","info":"Fantasy\/Mystery Serien rund um die Uhr, nicht alle sind 24\/7 online."},{"0":{"name":"[COLOR red]\u2022  [\/COLOR][COLOR white]Ballers[\/COLOR]","image":"https:\/\/wagasworld.com\/sites\/default\/files\/styles\/large\/public\/2021-09\/Ballers.jpg?itok=R-skbAWt","link":"https:\/\/wagasworld.com\/kodi.php?channel=Ballers","info":""},"1":{"name":"[COLOR red]\u2022  [\/COLOR][COLOR white]MacGyver-Classic[\/COLOR]","image":"https:\/\/wagasworld.com\/sites\/default\/files\/styles\/large\/public\/2021-09\/ClassicMacGyver.jpg?itok=j41l1fl0","link":"https:\/\/wagasworld.com\/kodi.php?channel=ClassicMacGyver","info":""},"2":{"name":"[COLOR red]\u2022  [\/COLOR][COLOR white]American.Crime.Story[\/COLOR]","image":"https:\/\/wagasworld.com\/sites\/default\/files\/styles\/large\/public\/2021-09\/American.Crime_.Story_.jpg?itok=6E_CuOcr","link":"https:\/\/wagasworld.com\/kodi.php?channel=American.Crime.Story","info":""},"3":{"name":"[COLOR red]\u2022  [\/COLOR][COLOR white]Airwolf[\/COLOR]","image":"https:\/\/wagasworld.com\/sites\/default\/files\/styles\/large\/public\/2021-09\/Airwolf.jpg?itok=l3pJVVI9","link":"https:\/\/wagasworld.com\/kodi.php?channel=Airwolf","info":""},"4":{"name":"[COLOR red]\u2022  [\/COLOR][COLOR white]Lupin[\/COLOR]","image":"https:\/\/wagasworld.com\/sites\/default\/files\/styles\/large\/public\/2021-09\/Lupin.jpeg?itok=GZ0lU9ZF","link":"https:\/\/wagasworld.com\/kodi.php?channel=Lupin","info":""},"5":{"name":"[COLOR red]\u2022  [\/COLOR][COLOR white]4Blocks[\/COLOR]","image":"https:\/\/wagasworld.com\/sites\/default\/files\/styles\/large\/public\/2021-09\/4Blocks.jpg?itok=hsdmKL9b","link":"https:\/\/wagasworld.com\/kodi.php?channel=4Blocks","info":""},"6":{"name":"[COLOR red]\u2022  [\/COLOR][COLOR white]Burn.Notice[\/COLOR]","image":"https:\/\/wagasworld.com\/sites\/default\/files\/styles\/large\/public\/2021-09\/Burn.Notice.jpg?itok=dU-RBueE","link":"https:\/\/wagasworld.com\/kodi.php?channel=Burn.Notice","info":""},"7":{"name":"[COLOR red]\u2022  [\/COLOR][COLOR white]Trio.mit.vier.Faeusten[\/COLOR]","image":"https:\/\/wagasworld.com\/sites\/default\/files\/styles\/large\/public\/2021-09\/Trio.mit_.vier_.Faeusten.jpg?itok=5VX9rCTq","link":"https:\/\/wagasworld.com\/kodi.php?channel=Trio.mit.vier.Faeusten","info":""},"8":{"name":"[COLOR red]\u2022  [\/COLOR][COLOR white]Miami.Vice[\/COLOR]","image":"https:\/\/wagasworld.com\/sites\/default\/files\/styles\/large\/public\/2021-09\/Miami.Vice_.jpg?itok=9lAODLD0","link":"https:\/\/wagasworld.com\/kodi.php?channel=Miami.Vice","info":""},"9":{"name":"[COLOR red]\u2022  [\/COLOR][COLOR white]Der.Sentinel[\/COLOR]","image":"https:\/\/wagasworld.com\/sites\/default\/files\/styles\/large\/public\/2021-09\/Der.Sentinel.jpg?itok=Nbq2YB6w","link":"https:\/\/wagasworld.com\/kodi.php?channel=Der.Sentinel","info":""},"10":{"name":"[COLOR red]\u2022  [\/COLOR][COLOR white]MacGyver[\/COLOR]","image":"https:\/\/wagasworld.com\/sites\/default\/files\/styles\/large\/public\/2021-09\/macgyver.jpg?itok=CcffLWPm","link":"https:\/\/wagasworld.com\/kodi.php?channel=macgyver","info":""},"11":{"name":"[COLOR red]\u2022  [\/COLOR][COLOR white]NCIS: New Orleans[\/COLOR]","image":"https:\/\/wagasworld.com\/sites\/default\/files\/styles\/large\/public\/2021-09\/ncis-no.jpg?itok=jjrPLy6d","link":"https:\/\/wagasworld.com\/kodi.php?channel=ncis-no","info":""},"12":{"name":"[COLOR red]\u2022  [\/COLOR][COLOR white]NCIS[\/COLOR]","image":"https:\/\/wagasworld.com\/sites\/default\/files\/styles\/large\/public\/2021-09\/ncis-neu.jpg?itok=XriNm9rn","link":"https:\/\/wagasworld.com\/kodi.php?channel=ncis-neu","info":""},"13":{"name":"[COLOR red]\u2022  [\/COLOR][COLOR white]NCIS LA[\/COLOR]","image":"https:\/\/wagasworld.com\/sites\/default\/files\/styles\/large\/public\/2021-09\/ncis-la.jpg?itok=T6NRHUcy","link":"https:\/\/wagasworld.com\/kodi.php?channel=ncis-la","info":""},"14":{"name":"[COLOR red]\u2022  [\/COLOR][COLOR white]Hawaii Five O[\/COLOR]","image":"https:\/\/wagasworld.com\/sites\/default\/files\/styles\/large\/public\/2021-09\/hawaiifive.jpg?itok=SbM2qIN2","link":"https:\/\/wagasworld.com\/kodi.php?channel=hawaiifive","info":""},"15":{"name":"[COLOR red]\u2022  [\/COLOR][COLOR white]Monk[\/COLOR]","image":"https:\/\/wagasworld.com\/sites\/default\/files\/styles\/large\/public\/2021-09\/guldukat-monk.jpg?itok=VehZZiyf","link":"https:\/\/wagasworld.com\/kodi.php?channel=guldukat-monk","info":""},"16":{"name":"[COLOR red]\u2022  [\/COLOR][COLOR white]Knight Rider[\/COLOR]","image":"https:\/\/wagasworld.com\/sites\/default\/files\/styles\/large\/public\/2021-10\/guldukat-knightrider.jpg?itok=KDb_whmg","link":"https:\/\/wagasworld.com\/kodi.php?channel=guldukat-knightrider","info":""},"17":{"name":"[COLOR red]\u2022  [\/COLOR][COLOR white]The A-TEAM[\/COLOR]","image":"https:\/\/wagasworld.com\/sites\/default\/files\/styles\/large\/public\/2021-10\/guldukat-ateam.jpg?itok=4jH5icqk","link":"https:\/\/wagasworld.com\/kodi.php?channel=guldukat-ateam","info":""},"18":{"name":"[COLOR red]\u2022  [\/COLOR][COLOR white]CSI.Miami[\/COLOR]","image":"https:\/\/wagasworld.com\/sites\/default\/files\/styles\/large\/public\/2021-10\/csimiami.jpg?itok=ZlkQHo9k","link":"https:\/\/wagasworld.com\/kodi.php?channel=csimiami","info":""},"19":{"name":"[COLOR red]\u2022  [\/COLOR][COLOR white]Chuck[\/COLOR]","image":"https:\/\/wagasworld.com\/sites\/default\/files\/styles\/large\/public\/2022-07\/71w7mXf2vIL._RI_.jpg?itok=Z0OK6sNy","link":"https:\/\/wagasworld.com\/kodi.php?channel=ChuckSerie","info":""},"20":{"name":"[COLOR red]\u2022  [\/COLOR][COLOR white]Baron.Noir[\/COLOR]","image":"https:\/\/wagasworld.com\/sites\/default\/files\/styles\/large\/public\/2022-07\/thumb-1920-814401.jpg?itok=LC-Xym51","link":"https:\/\/wagasworld.com\/kodi.php?channel=baron.noir",
"info":""},"category_name":"Crime","image":"https://www.dropbox.com/scl/fi/vrne4hcbl6eome7d2ijoh/Crime.png?rlkey=f266ekyr2gpy844n23921nh19&st=zjcie5en&dl=1","info":"Serien rund um die Uhr, nicht alle sind 24\/7 online."},{"0":{"name":"[COLOR red]\u2022  [\/COLOR][COLOR white]Cobra.Kai[\/COLOR]","image":"https:\/\/wagasworld.com\/sites\/default\/files\/styles\/large\/public\/2021-09\/cobra.kai_.jpg?itok=-Mi4vzlv","link":"https:\/\/wagasworld.com\/kodi.php?channel=cobra.kai","info":"34 Jahre sind seit dem Karateturnierfinale von All Valley vergangen. Johnny Lawrence steht vor den Tr\u00fcmmern seines Lebens. Geschieden und mit einem jugendlichen Sohn, zu dem er kaum Kontakt hat, schl\u00e4gt er sich mehr schlecht als recht mit Handwerks- und Hausmeistert\u00e4tigkeiten durchs Leben. Als sich eine reiche Kundin von ihm beleidigt f\u00fchlt, verliert er auch noch diese Stelle. Tats\u00e4chlich hat er die Niederlage im damaligen Finale durch den illegalen Tritt Daniel LaRussos und die folgenden Dem\u00fctigungen seines damaligen Trainers nie richtig verkraftet, ern\u00e4hrt sich mittlerweile vor allem von Bier und abgelaufenen Lebensmitteln. LaRusso hingegen wandelte sich zum erfolgreichen Autoh\u00e4ndler und Leiter mehrerer Filialen. Dadurch gelangte er zu erheblichem Wohlstand und kokettiert in der \u00d6ffentlichkeit nach wie vor mit einem Karate-Image. Sorgen bereiten ihm allerdings sein desinteressierter Sohn und seine Tochter, bei der er f\u00fcrchtet, sie zu einer \u201ereichen G\u00f6re\u201c zu verziehen.\r\n"},"1":{"name":"[COLOR red]\u2022  [\/COLOR][COLOR white]The Handmaids Tale[\/COLOR]","image":"https:\/\/wagasworld.com\/sites\/default\/files\/styles\/large\/public\/2023-01\/The-Handmaids-tale-4-promo-episodio-10.jpeg?itok=8MXlmJ61","link":"https:\/\/wagasworld.com\/kodi.php?channel=The.Handmaids.Tale",
"info":""},"category_name":"Doku","image":"https://www.dropbox.com/scl/fi/pzmp3ioawiclpryy3l018/Doku.png?rlkey=rwfikkyg1fagr5tqohzm2jm11&st=i3xamk2d&dl=1","info":"Dokus rund um die Uhr, nicht alle sind 24\/7 online."},{"0":{"name":"[COLOR red]\u2022  [\/COLOR][COLOR white]Jan Tenner[\/COLOR]","image":"https:\/\/wagasworld.com\/sites\/default\/files\/styles\/large\/public\/2021-09\/Jan-Tenner-295x300.jpg?itok=BeTLaoXc","link":"https:\/\/wagasworld.com\/kodi.php?channel=audio-jantenner",
"info":""},"category_name":"Audio","image":"https://www.dropbox.com/scl/fi/w0ca92sv20jiok40s66pn/Jan-Tener.png?rlkey=i9qwbm3xir3b4k6xwmra6hwf4&st=nxexuk83&dl=1","info":"H\u00f6rspiele rund um die Uhr, nicht alle sind 24\/7 online."}]