<?xml version="1.0" encoding="UTF-8" standalone="yes"?>
<addon id="script.module.echo" name="Echo Libraries" version="5.00.000" provider-name="Echo Coder">
	<requires>
		<!-- <import addon="xbmc.python" version="2.1.0" /> -->
		<import addon="script.module.requests" />
		<import addon="script.module.six" />
		<import addon="script.module.kodi-six" />
	</requires>
	<extension point="xbmc.python.module" library="lib" />
	<extension point="xbmc.addon.metadata">
		<platform>all</platform>
		<summary lang="en">Forked from TK Norris Shared Module. Reusable Modules used by several of Echo's addons</summary>
        <assets>                                                   
		    <icon>icon.png</icon>
        </assets>
    </extension>
</addon>
