<?xml version="1.0" encoding="UTF-8" standalone="yes"?>
<addon id="plugin.video.wagasworld_k20" version="2.4" name="[COLOR lime]WagasWorld~20[/COLOR]" provider-name="Mari">
<requires>
  <import addon="xbmc.python" version="3.0.1"/>
  <import addon="script.module.requests" version="2.14.2"/>
</requires>
<extension point="xbmc.python.pluginsource" library="main.py">
  <provides>video</provides>
</extension>
 <extension point="xbmc.addon.metadata">
	<summary lang="de">WagasWorld Stream Portal</summary>
	<description lang="de">[COLOR white]Nicht vergessen immer schoen [COLOR red]WAGA[/COLOR] Bleiben[/COLOR]</description>
  <assets>
	<icon>icon.png</icon>
	<fanart>fanart.jpg</fanart>
  </assets>
  </extension>
</addon>
